MAG_ENA_CAMZOL010000080_CAMZOL010000080.1|ENA|CAMZOL010000080|CAMZOL010000080.1|18S|858-1731	1.000	CP011052.4299619.4301139	Bacteria;Proteobacteria;Gammaproteobacteria;Oceanospirillales;Halomonadaceae;Halomonas;Halomonas sp. KO116
MAG_ENA_CAMZOL010000080_CAMZOL010000080.1|ENA|CAMZOL010000080|CAMZOL010000080.1|16S|210-1738	1.000	CP011052.4299619.4301139	Bacteria;Proteobacteria;Gammaproteobacteria;Oceanospirillales;Halomonadaceae;Halomonas;Halomonas sp. KO116
MAG_ENA_CAMZOL010000080_CAMZOL010000080.1|ENA|CAMZOL010000080|CAMZOL010000080.1|16S|251-1737	1.000	CP011052.4299619.4301139	Bacteria;Proteobacteria;Gammaproteobacteria;Oceanospirillales;Halomonadaceae;Halomonas;Halomonas sp. KO116
MAG_ENA_CAXXDF010000001_CAXXDF010000001.1|ENA|CAXXDF010000001|CAXXDF010000001.1|18S|3582-4456	1.000	HE818335.1.1409	Bacteria;Proteobacteria;Gammaproteobacteria;Oceanospirillales;Endozoicomonadaceae;Endozoicomonas;Endozoicomonas sp. Ez289
MAG_ENA_CAXXDF010000012_CAXXDF010000012.1|ENA|CAXXDF010000012|CAXXDF010000012.1|16S|6253-7163	1.000	KM217467.1.1821	Eukaryota;Amorphea;Obazoa;Opisthokonta;Holozoa;Choanozoa;Metazoa;Animalia;BCP clade;Bilateria;Protostomia;Ecdysozoa;Arthropoda;Crustacea;Maxillopoda;Thecostraca;Sessilia;Neoacasta laevigata
MAG_ENA_CAXXDF010000012_CAXXDF010000012.1|ENA|CAXXDF010000012|CAXXDF010000012.1|16S|17300-18210	1.000	KM217467.1.1821	Eukaryota;Amorphea;Obazoa;Opisthokonta;Holozoa;Choanozoa;Metazoa;Animalia;BCP clade;Bilateria;Protostomia;Ecdysozoa;Arthropoda;Crustacea;Maxillopoda;Thecostraca;Sessilia;Neoacasta laevigata
MAG_ENA_CAXXDF010000012_CAXXDF010000012.1|ENA|CAXXDF010000012|CAXXDF010000012.1|16S|6223-7162	1.000	KM217467.1.1821	Eukaryota;Amorphea;Obazoa;Opisthokonta;Holozoa;Choanozoa;Metazoa;Animalia;BCP clade;Bilateria;Protostomia;Ecdysozoa;Arthropoda;Crustacea;Maxillopoda;Thecostraca;Sessilia;Neoacasta laevigata
MAG_ENA_CAXXDF010000012_CAXXDF010000012.1|ENA|CAXXDF010000012|CAXXDF010000012.1|16S|17270-18209	1.000	KM217467.1.1821	Eukaryota;Amorphea;Obazoa;Opisthokonta;Holozoa;Choanozoa;Metazoa;Animalia;BCP clade;Bilateria;Protostomia;Ecdysozoa;Arthropoda;Crustacea;Maxillopoda;Thecostraca;Sessilia;Neoacasta laevigata
MAG_ENA_CBDHER010000010_CBDHER010000010.1|ENA|CBDHER010000010|CBDHER010000010.1|18S|33709-34584	1.000	JN092610.1.1419	Bacteria;Proteobacteria;Gammaproteobacteria;Pseudomonadales;Moraxellaceae;Acinetobacter;Acinetobacter guillouiae
MAG_ENA_CBDHER010000016_CBDHER010000016.1|ENA|CBDHER010000016|CBDHER010000016.1|18S|20128-21003	1.000	JN092610.1.1419	Bacteria;Proteobacteria;Gammaproteobacteria;Pseudomonadales;Moraxellaceae;Acinetobacter;Acinetobacter guillouiae
MAG_ENA_CBDHER010000056_CBDHER010000056.1|ENA|CBDHER010000056|CBDHER010000056.1|18S|2757-3632	1.000	JN092610.1.1419	Bacteria;Proteobacteria;Gammaproteobacteria;Pseudomonadales;Moraxellaceae;Acinetobacter;Acinetobacter guillouiae
MAG_ENA_FKJK01000002_FKJK01000002.1|ENA|FKJK01000002|FKJK01000002.1|16S|502275-502807	1.000	GQ866083.1.1501	Bacteria;Proteobacteria;Gammaproteobacteria;Alteromonadales;Shewanellaceae;Shewanella;uncultured bacterium
MAG_ENA_FKJK01000002_FKJK01000002.1|ENA|FKJK01000002|FKJK01000002.1|16S|502235-502806	1.000	GQ866083.1.1501	Bacteria;Proteobacteria;Gammaproteobacteria;Alteromonadales;Shewanellaceae;Shewanella;uncultured bacterium
MAG_ENA_FKJK01000003_FKJK01000003.1|ENA|FKJK01000003|FKJK01000003.1|18S|109387-110263	1.000	CP000961.344054.345588	Bacteria;Proteobacteria;Gammaproteobacteria;Alteromonadales;Shewanellaceae;Shewanella;Shewanella woodyi ATCC 51908
MAG_ENA_FKJK01000003_FKJK01000003.1|ENA|FKJK01000003|FKJK01000003.1|16S|108732-110270	1.000	CP000961.344054.345588	Bacteria;Proteobacteria;Gammaproteobacteria;Alteromonadales;Shewanellaceae;Shewanella;Shewanella woodyi ATCC 51908
MAG_ENA_FMSE01000001_FMSE01000001.1|ENA|FMSE01000001|FMSE01000001.1|18S|445-1325	1.000	FMSE01000001.1.1320	Bacteria;Actinobacteriota;Actinobacteria;Micrococcales;Microbacteriaceae;Microbacterium;Microbacteriaceae bacterium
MAG_ENA_FKJK01000003_FKJK01000003.1|ENA|FKJK01000003|FKJK01000003.1|16S|108772-110269	1.000	CP000961.344054.345588	Bacteria;Proteobacteria;Gammaproteobacteria;Alteromonadales;Shewanellaceae;Shewanella;Shewanella woodyi ATCC 51908
MAG_ENA_FMSE01000001_FMSE01000001.1|ENA|FMSE01000001|FMSE01000001.1|16S|11-1333	1.000	FMSE01000001.1.1320	Bacteria;Actinobacteriota;Actinobacteria;Micrococcales;Microbacteriaceae;Microbacterium;Microbacteriaceae bacterium
MAG_ENA_FMSE01000005_FMSE01000005.1|ENA|FMSE01000005|FMSE01000005.1|18S|226081-226809	1.000	FMSE01000001.1.1320	Bacteria;Actinobacteriota;Actinobacteria;Micrococcales;Microbacteriaceae;Microbacterium;Microbacteriaceae bacterium
MAG_ENA_FMSE01000001_FMSE01000001.1|ENA|FMSE01000001|FMSE01000001.1|16S|11-1331	1.000	FMSE01000001.1.1320	Bacteria;Actinobacteriota;Actinobacteria;Micrococcales;Microbacteriaceae;Microbacterium;Microbacteriaceae bacterium
MAG_ENA_FMSE01000005_FMSE01000005.1|ENA|FMSE01000005|FMSE01000005.1|16S|225448-226817	1.000	FMSE01000005.225453.226817	Bacteria;Actinobacteriota;Actinobacteria;Micrococcales;Microbacteriaceae;Microbacterium;Microbacteriaceae bacterium
MAG_ENA_FMSE01000005_FMSE01000005.1|ENA|FMSE01000005|FMSE01000005.1|16S|225457-226811	1.000	FMSE01000005.225453.226817	Bacteria;Actinobacteriota;Actinobacteria;Micrococcales;Microbacteriaceae;Microbacterium;Microbacteriaceae bacterium
MAG_ENA_FREV01000002_FREV01000002.1|ENA|FREV01000002|FREV01000002.1|18S|169007-169856	1.000	KY363625.1.1463	Bacteria;Proteobacteria;Alphaproteobacteria;Rhodobacterales;Rhodobacteraceae;Yoonia-Loktanella;Loktanella sp.
MAG_ENA_FREW01000004_FREW01000004.1|ENA|FREW01000004|FREW01000004.1|18S|231726-232596	1.000	CXWE01000020.257.1756	Bacteria;Proteobacteria;Alphaproteobacteria;Rhizobiales;Stappiaceae;Labrenzia;Labrenzia alba
MAG_ENA_FREV01000002_FREV01000002.1|ENA|FREV01000002|FREV01000002.1|16S|168404-169864	1.000	KY363625.1.1463	Bacteria;Proteobacteria;Alphaproteobacteria;Rhodobacterales;Rhodobacteraceae;Yoonia-Loktanella;Loktanella sp.
MAG_ENA_FREV01000002_FREV01000002.1|ENA|FREV01000002|FREV01000002.1|16S|168413-169862	1.000	KY363625.1.1463	Bacteria;Proteobacteria;Alphaproteobacteria;Rhodobacterales;Rhodobacteraceae;Yoonia-Loktanella;Loktanella sp.
MAG_ENA_FREW01000004_FREW01000004.1|ENA|FREW01000004|FREW01000004.1|16S|231718-233196	1.000	CXWE01000020.257.1756	Bacteria;Proteobacteria;Alphaproteobacteria;Rhizobiales;Stappiaceae;Labrenzia;Labrenzia alba
MAG_ENA_FREW01000004_FREW01000004.1|ENA|FREW01000004|FREW01000004.1|16S|231720-233189	1.000	CXWE01000020.257.1756	Bacteria;Proteobacteria;Alphaproteobacteria;Rhizobiales;Stappiaceae;Labrenzia;Labrenzia alba
MAG_ENA_FREX01000009_FREX01000009.1|ENA|FREX01000009|FREX01000009.1|18S|242082-242954	1.000	LMCK01000055.121541.123012	Bacteria;Proteobacteria;Alphaproteobacteria;Rhizobiales;Stappiaceae;Pseudovibrio;Pseudovibrio sp. WM33
MAG_ENA_FREX01000009_FREX01000009.1|ENA|FREX01000009|FREX01000009.1|16S|241483-242962	1.000	FXUU01000007.105682.107145	Bacteria;Proteobacteria;Alphaproteobacteria;Rhizobiales;Stappiaceae;Pseudovibrio;Vibrio sp. Vb150
MAG_ENA_FREX01000009_FREX01000009.1|ENA|FREX01000009|FREX01000009.1|16S|241491-242960	1.000	FXUU01000007.105682.107145	Bacteria;Proteobacteria;Alphaproteobacteria;Rhizobiales;Stappiaceae;Pseudovibrio;Vibrio sp. Vb150
MAG_ENA_FREY01000002_FREY01000002.1|ENA|FREY01000002|FREY01000002.1|18S|625666-626515	1.000	KY363614.1.1463	Bacteria;Proteobacteria;Alphaproteobacteria;Rhodobacterales;Rhodobacteraceae;uncultured;Rhodobacteraceae bacterium
MAG_ENA_FREY01000002_FREY01000002.1|ENA|FREY01000002|FREY01000002.1|16S|625063-626523	1.000	KY363614.1.1463	Bacteria;Proteobacteria;Alphaproteobacteria;Rhodobacterales;Rhodobacteraceae;uncultured;Rhodobacteraceae bacterium
MAG_ENA_FREZ01000015_FREZ01000015.1|ENA|FREZ01000015|FREZ01000015.1|18S|173-1020	1.000	CYPS01000064.376655.378128	Bacteria;Proteobacteria;Alphaproteobacteria;Rhodobacterales;Rhodobacteraceae;Ruegeria;Ruegeria atlantica
MAG_ENA_FREY01000002_FREY01000002.1|ENA|FREY01000002|FREY01000002.1|16S|625072-626521	1.000	KY363614.1.1463	Bacteria;Proteobacteria;Alphaproteobacteria;Rhodobacterales;Rhodobacteraceae;uncultured;Rhodobacteraceae bacterium
MAG_ENA_FRFA01000015_FRFA01000015.1|ENA|FRFA01000015|FRFA01000015.1|18S|63205-64050	1.000	KY363630.1.1420	Bacteria;Proteobacteria;Alphaproteobacteria;Rhodobacterales;Rhodobacteraceae;Tateyamaria;Tateyamaria sp.
MAG_ENA_FREZ01000015_FREZ01000015.1|ENA|FREZ01000015|FREZ01000015.1|16S|165-1621	1.000	CYPS01000064.376655.378128	Bacteria;Proteobacteria;Alphaproteobacteria;Rhodobacterales;Rhodobacteraceae;Ruegeria;Ruegeria atlantica
MAG_ENA_FREZ01000015_FREZ01000015.1|ENA|FREZ01000015|FREZ01000015.1|16S|167-1612	1.000	CYPS01000064.376655.378128	Bacteria;Proteobacteria;Alphaproteobacteria;Rhodobacterales;Rhodobacteraceae;Ruegeria;Ruegeria atlantica
MAG_ENA_FRFA01000015_FRFA01000015.1|ENA|FRFA01000015|FRFA01000015.1|16S|63197-64651	1.000	KY363630.1.1420	Bacteria;Proteobacteria;Alphaproteobacteria;Rhodobacterales;Rhodobacteraceae;Tateyamaria;Tateyamaria sp.
MAG_ENA_FRFA01000015_FRFA01000015.1|ENA|FRFA01000015|FRFA01000015.1|16S|63199-64643	1.000	KY363630.1.1420	Bacteria;Proteobacteria;Alphaproteobacteria;Rhodobacterales;Rhodobacteraceae;Tateyamaria;Tateyamaria sp.
MAG_ENA_LT702999_LT702999.1|ENA|LT702999|LT702999.1|18S|438454-439328	1.000	LT702999.438459.439924	Bacteria;Proteobacteria;Alphaproteobacteria;Sphingomonadales;Sphingomonadaceae;Erythrobacter;Erythrobacter sp. Alg231-14
MAG_ENA_LT702999_LT702999.1|ENA|LT702999|LT702999.1|16S|438446-439928	1.000	LT702999.438459.439924	Bacteria;Proteobacteria;Alphaproteobacteria;Sphingomonadales;Sphingomonadaceae;Erythrobacter;Erythrobacter sp. Alg231-14
MAG_ENA_LT703003_LT703003.1|ENA|LT703003|LT703003.1|18S|1620438-1621314	1.000	LT703003.1619846.1621309	Bacteria;Proteobacteria;Alphaproteobacteria;Rhizobiales;Rhizobiales Incertae Sedis;Anderseniella;Anderseniella sp. Alg231-50
MAG_ENA_LT702999_LT702999.1|ENA|LT702999|LT702999.1|16S|438448-439920	1.000	LT702999.438459.439924	Bacteria;Proteobacteria;Alphaproteobacteria;Sphingomonadales;Sphingomonadaceae;Erythrobacter;Erythrobacter sp. Alg231-14
MAG_ENA_LT703003_LT703003.1|ENA|LT703003|LT703003.1|16S|1619851-1621320	1.000	LT703003.1619846.1621309	Bacteria;Proteobacteria;Alphaproteobacteria;Rhizobiales;Rhizobiales Incertae Sedis;Anderseniella;Anderseniella sp. Alg231-50
MAG_ENA_LT703003_LT703003.1|ENA|LT703003|LT703003.1|16S|1619842-1621322	1.000	LT703003.1619846.1621309	Bacteria;Proteobacteria;Alphaproteobacteria;Rhizobiales;Rhizobiales Incertae Sedis;Anderseniella;Anderseniella sp. Alg231-50
MAG_ENA_OY760408_OY760408.1|ENA|OY760408|OY760408.1|18S|3582-4456	1.000	HE818335.1.1409	Bacteria;Proteobacteria;Gammaproteobacteria;Oceanospirillales;Endozoicomonadaceae;Endozoicomonas;Endozoicomonas sp. Ez289
MAG_ENA_OY760419_OY760419.1|ENA|OY760419|OY760419.1|16S|6253-7163	1.000	KM217467.1.1821	Eukaryota;Amorphea;Obazoa;Opisthokonta;Holozoa;Choanozoa;Metazoa;Animalia;BCP clade;Bilateria;Protostomia;Ecdysozoa;Arthropoda;Crustacea;Maxillopoda;Thecostraca;Sessilia;Neoacasta laevigata
MAG_ENA_OY760419_OY760419.1|ENA|OY760419|OY760419.1|16S|17300-18210	1.000	KM217467.1.1821	Eukaryota;Amorphea;Obazoa;Opisthokonta;Holozoa;Choanozoa;Metazoa;Animalia;BCP clade;Bilateria;Protostomia;Ecdysozoa;Arthropoda;Crustacea;Maxillopoda;Thecostraca;Sessilia;Neoacasta laevigata
MAG_ENA_OY760419_OY760419.1|ENA|OY760419|OY760419.1|16S|6223-7162	1.000	KM217467.1.1821	Eukaryota;Amorphea;Obazoa;Opisthokonta;Holozoa;Choanozoa;Metazoa;Animalia;BCP clade;Bilateria;Protostomia;Ecdysozoa;Arthropoda;Crustacea;Maxillopoda;Thecostraca;Sessilia;Neoacasta laevigata
MAG_ENA_OY760419_OY760419.1|ENA|OY760419|OY760419.1|16S|17270-18209	1.000	KM217467.1.1821	Eukaryota;Amorphea;Obazoa;Opisthokonta;Holozoa;Choanozoa;Metazoa;Animalia;BCP clade;Bilateria;Protostomia;Ecdysozoa;Arthropoda;Crustacea;Maxillopoda;Thecostraca;Sessilia;Neoacasta laevigata
MAG_ENA_OY762266_OY762266.1|ENA|OY762266|OY762266.1|18S|1158927-1159805	1.000	AQTV01000144.6373.7900	Bacteria;Poribacteria;Candidatus Poribacteria sp. WGA-4E
MAG_ENA_OY762722_OY762722.1|ENA|OY762722|OY762722.1|18S|803618-804493	1.000	AQPC01000005.6220.7741	Bacteria;Poribacteria;Candidatus Poribacteria sp. WGA-4G
MAG_ENA_OY762722_OY762722.1|ENA|OY762722|OY762722.1|16S|802954-804501	1.000	AQPC01000005.6220.7741	Bacteria;Poribacteria;Candidatus Poribacteria sp. WGA-4G
MAG_ENA_OY762722_OY762722.1|ENA|OY762722|OY762722.1|16S|802992-804499	1.000	AQPC01000005.6220.7741	Bacteria;Poribacteria;Candidatus Poribacteria sp. WGA-4G
MAG_ENA_OZ253549_OZ253549.1|ENA|OZ253549|OZ253549.1|16S|6039761-6041290	1.000	CP018101.2619742.2621282	Bacteria;Proteobacteria;Gammaproteobacteria;Burkholderiales;Comamonadaceae;Delftia;Delftia sp. HK171
MAG_ENA_OZ253549_OZ253549.1|ENA|OZ253549|OZ253549.1|16S|6725671-6727200	1.000	CP018101.2619742.2621282	Bacteria;Proteobacteria;Gammaproteobacteria;Burkholderiales;Comamonadaceae;Delftia;Delftia sp. HK171
MAG_ENA_OZ253549_OZ253549.1|ENA|OZ253549|OZ253549.1|16S|3726-5245	1.000	CP002735.668530.670050	Bacteria;Proteobacteria;Gammaproteobacteria;Burkholderiales;Comamonadaceae;Delftia;Delftia sp. Cs1-4
MAG_ENA_OZ253549_OZ253549.1|ENA|OZ253549|OZ253549.1|16S|6034118-6035637	1.000	CP002735.668530.670050	Bacteria;Proteobacteria;Gammaproteobacteria;Burkholderiales;Comamonadaceae;Delftia;Delftia sp. Cs1-4
MAG_ENA_OZ253549_OZ253549.1|ENA|OZ253549|OZ253549.1|18S|4364-5239	1.000	JX458395.1.1475	Bacteria;Proteobacteria;Gammaproteobacteria;Burkholderiales;Comamonadaceae;Delftia;Delftia sp. B0.09-91
MAG_ENA_OZ253549_OZ253549.1|ENA|OZ253549|OZ253549.1|18S|1970837-1971712	1.000	JX458395.1.1475	Bacteria;Proteobacteria;Gammaproteobacteria;Burkholderiales;Comamonadaceae;Delftia;Delftia sp. B0.09-91
MAG_ENA_OZ253549_OZ253549.1|ENA|OZ253549|OZ253549.1|18S|6034124-6034999	1.000	JX458395.1.1475	Bacteria;Proteobacteria;Gammaproteobacteria;Burkholderiales;Comamonadaceae;Delftia;Delftia sp. B0.09-91
MAG_ENA_OZ253549_OZ253549.1|ENA|OZ253549|OZ253549.1|18S|6039769-6040644	1.000	JX458395.1.1475	Bacteria;Proteobacteria;Gammaproteobacteria;Burkholderiales;Comamonadaceae;Delftia;Delftia sp. B0.09-91
MAG_ENA_OZ253549_OZ253549.1|ENA|OZ253549|OZ253549.1|16S|6039763-6041282	1.000	CP018101.2619742.2621282	Bacteria;Proteobacteria;Gammaproteobacteria;Burkholderiales;Comamonadaceae;Delftia;Delftia sp. HK171
MAG_ENA_OZ253549_OZ253549.1|ENA|OZ253549|OZ253549.1|18S|6726317-6727192	1.000	JX458395.1.1475	Bacteria;Proteobacteria;Gammaproteobacteria;Burkholderiales;Comamonadaceae;Delftia;Delftia sp. B0.09-91
MAG_ENA_OZ253549_OZ253549.1|ENA|OZ253549|OZ253549.1|16S|6725679-6727198	1.000	CP018101.2619742.2621282	Bacteria;Proteobacteria;Gammaproteobacteria;Burkholderiales;Comamonadaceae;Delftia;Delftia sp. HK171
MAG_ENA_UNRB01000011_UNRB01000011.1|ENA|UNRB01000011|UNRB01000011.1|16S|5-944	1.000	HE860712.1.1443	Bacteria;Proteobacteria;Alphaproteobacteria;Rhodobacterales;Rhodobacteraceae;Tropicibacter;Ruegeria mediterranea M49
MAG_ENA_UNRB01000011_UNRB01000011.1|ENA|UNRB01000011|UNRB01000011.1|16S|19-936	1.000	HE860712.1.1443	Bacteria;Proteobacteria;Alphaproteobacteria;Rhodobacterales;Rhodobacteraceae;Tropicibacter;Ruegeria mediterranea M49
MAG_ENA_UNRD01000007_UNRD01000007.1|ENA|UNRD01000007|UNRD01000007.1|18S|160204-161081	1.000	CP003466.4232511.4234039	Bacteria;Proteobacteria;Gammaproteobacteria;Oceanospirillales;Alcanivoracaceae1;Alcanivorax;Alcanivorax dieselolei B5
MAG_ENA_UNRG01000007_UNRG01000007.1|ENA|UNRG01000007|UNRG01000007.1|16S|169113-169954	1.000	FUFK010776986.30.1476	Bacteria;Cyanobacteria;Cyanobacteriia;Synechococcales;Cyanobiaceae;Synechococcus CC9902;metagenome
MAG_ENA_UNRI01000019_UNRI01000019.1|ENA|UNRI01000019|UNRI01000019.1|16S|7745-8171	1.000	MDCG01000376.10669.12194	Bacteria;Actinobacteriota;Actinobacteria;Corynebacteriales;Dietziaceae;Dietzia;Dietzia alimentaria
MAG_ENA_UNRG01000019_UNRG01000019.1|ENA|UNRG01000019|UNRG01000019.1|18S|6125-6999	1.000	KX815990.1.1507	Bacteria;Actinobacteriota;Actinobacteria;Propionibacteriales;Nocardioidaceae;Nocardioides;Nocardioides cavernae
MAG_ENA_UNRH01000015_UNRH01000015.1|ENA|UNRH01000015|UNRH01000015.1|18S|36124-37005	1.000	KP345922.1.1499	Bacteria;Actinobacteriota;Actinobacteria;Micrococcales;Micrococcaceae;Micrococcus;Micrococcus sp. 3308
MAG_ENA_UNRH01000015_UNRH01000015.1|ENA|UNRH01000015|UNRH01000015.1|16S|36118-37173	1.000	LRFD01000039.594.2124	Bacteria;Actinobacteriota;Actinobacteria;Micrococcales;Micrococcaceae;Micrococcus;Micrococcus aloeverae
MAG_ENA_UNRH01000015_UNRH01000015.1|ENA|UNRH01000015|UNRH01000015.1|16S|36116-37240	1.000	LRFD01000039.594.2124	Bacteria;Actinobacteriota;Actinobacteria;Micrococcales;Micrococcaceae;Micrococcus;Micrococcus aloeverae
MAG_ENA_UNRJ01000004_UNRJ01000004.1|ENA|UNRJ01000004|UNRJ01000004.1|16S|1-506	1.000	LC008540.1.1395	Bacteria;Proteobacteria;Alphaproteobacteria;Rhodobacterales;Rhodobacteraceae;Shimia;Shimia sagamensis
MAG_ENA_UNRJ01000004_UNRJ01000004.1|ENA|UNRJ01000004|UNRJ01000004.1|16S|2-497	1.000	LC008540.1.1395	Bacteria;Proteobacteria;Alphaproteobacteria;Rhodobacterales;Rhodobacteraceae;Shimia;Shimia sagamensis
MAG_ENA_UNRL01000018_UNRL01000018.1|ENA|UNRL01000018|UNRL01000018.1|18S|1578-2454	1.000	LNQZ01000059.20.1544	Bacteria;Proteobacteria;Gammaproteobacteria;Vibrionales;Vibrionaceae;Photobacterium;Photobacterium aquimaris
odSpoOffi2.metagenome.1.primary|ctg18474c|16S|6253-7163	1.000	KM217467.1.1821	Eukaryota;Amorphea;Obazoa;Opisthokonta;Holozoa;Choanozoa;Metazoa;Animalia;BCP clade;Bilateria;Protostomia;Ecdysozoa;Arthropoda;Crustacea;Maxillopoda;Thecostraca;Sessilia;Neoacasta laevigata
odSpoOffi2.metagenome.1.primary|ctg18474c|16S|17300-18210	1.000	KM217467.1.1821	Eukaryota;Amorphea;Obazoa;Opisthokonta;Holozoa;Choanozoa;Metazoa;Animalia;BCP clade;Bilateria;Protostomia;Ecdysozoa;Arthropoda;Crustacea;Maxillopoda;Thecostraca;Sessilia;Neoacasta laevigata
odSpoOffi2.metagenome.1.primary|ctg21650l|16S|802954-804501	1.000	AQPC01000005.6220.7741	Bacteria;Poribacteria;Candidatus Poribacteria sp. WGA-4G
odSpoOffi2.metagenome.1.primary|ctg18474c|16S|6223-7162	1.000	KM217467.1.1821	Eukaryota;Amorphea;Obazoa;Opisthokonta;Holozoa;Choanozoa;Metazoa;Animalia;BCP clade;Bilateria;Protostomia;Ecdysozoa;Arthropoda;Crustacea;Maxillopoda;Thecostraca;Sessilia;Neoacasta laevigata
odSpoOffi2.metagenome.1.primary|ctg18474c|16S|17270-18209	1.000	KM217467.1.1821	Eukaryota;Amorphea;Obazoa;Opisthokonta;Holozoa;Choanozoa;Metazoa;Animalia;BCP clade;Bilateria;Protostomia;Ecdysozoa;Arthropoda;Crustacea;Maxillopoda;Thecostraca;Sessilia;Neoacasta laevigata
odSpoOffi2.metagenome.1.primary|ctg21650l|16S|802992-804499	1.000	AQPC01000005.6220.7741	Bacteria;Poribacteria;Candidatus Poribacteria sp. WGA-4G
odSpoOffi2.metagenome.1.primary|ctg21650l|18S|803618-804493	1.000	AQPC01000005.6220.7741	Bacteria;Poribacteria;Candidatus Poribacteria sp. WGA-4G
odSpoOffi2.metagenome.1.primary|ctg21664c|18S|1158927-1159805	1.000	AQTV01000144.6373.7900	Bacteria;Poribacteria;Candidatus Poribacteria sp. WGA-4E
odSpoOffi2.metagenome.1.primary|ctg7857l|18S|3582-4456	1.000	HE818335.1.1409	Bacteria;Proteobacteria;Gammaproteobacteria;Oceanospirillales;Endozoicomonadaceae;Endozoicomonas;Endozoicomonas sp. Ez289
MAG_ENA_CAMZOK010000005_CAMZOK010000005.1|ENA|CAMZOK010000005|CAMZOK010000005.1|18S|1070-1920	0.999	LAJH01000015.483.1935	Bacteria;Proteobacteria;Alphaproteobacteria;Rhodobacterales;Rhodobacteraceae;Shimia;Shimia sp. SK013
MAG_ENA_CANDOD010000019_CANDOD010000019.1|ENA|CANDOD010000019|CANDOD010000019.1|18S|20-895	0.999	ANFM02000053.15.1547	Bacteria;Proteobacteria;Gammaproteobacteria;Vibrionales;Vibrionaceae;Grimontia;Grimontia indica
MAG_ENA_CBDBNE010000005_CBDBNE010000005.1|ENA|CBDBNE010000005|CBDBNE010000005.1|18S|276546-277422	0.999	JN655469.1.1465	Bacteria;Proteobacteria;Alphaproteobacteria;Puniceispirillales;Puniceispirillales Incertae Sedis;Constrictibacter;uncultured bacterium
MAG_ENA_CBDBOK010000004_CBDBOK010000004.1|ENA|CBDBOK010000004|CBDBOK010000004.1|16S|746540-748071	0.999	JN002382.1.1508	Bacteria;PAUC34f;uncultured microorganism
MAG_ENA_CBDBOK010000004_CBDBOK010000004.1|ENA|CBDBOK010000004|CBDBOK010000004.1|16S|746538-748079	0.999	JN002382.1.1508	Bacteria;PAUC34f;uncultured microorganism
MAG_ENA_CBDHER010000010_CBDHER010000010.1|ENA|CBDHER010000010|CBDHER010000010.1|16S|33097-34590	0.999	APPJ01000016.185.1711	Bacteria;Proteobacteria;Gammaproteobacteria;Pseudomonadales;Moraxellaceae;Acinetobacter;Acinetobacter guillouiae NIPH 991
MAG_ENA_CBDHER010000010_CBDHER010000010.1|ENA|CBDHER010000010|CBDHER010000010.1|16S|33057-34591	0.999	APPJ01000016.185.1711	Bacteria;Proteobacteria;Gammaproteobacteria;Pseudomonadales;Moraxellaceae;Acinetobacter;Acinetobacter guillouiae NIPH 991
MAG_ENA_CBDHER010000016_CBDHER010000016.1|ENA|CBDHER010000016|CBDHER010000016.1|16S|19476-21010	0.999	APPJ01000016.185.1711	Bacteria;Proteobacteria;Gammaproteobacteria;Pseudomonadales;Moraxellaceae;Acinetobacter;Acinetobacter guillouiae NIPH 991
MAG_ENA_CBDHER010000016_CBDHER010000016.1|ENA|CBDHER010000016|CBDHER010000016.1|16S|19516-21009	0.999	APPJ01000016.185.1711	Bacteria;Proteobacteria;Gammaproteobacteria;Pseudomonadales;Moraxellaceae;Acinetobacter;Acinetobacter guillouiae NIPH 991
MAG_ENA_CBDHER010000056_CBDHER010000056.1|ENA|CBDHER010000056|CBDHER010000056.1|16S|2105-3639	0.999	APPJ01000016.185.1711	Bacteria;Proteobacteria;Gammaproteobacteria;Pseudomonadales;Moraxellaceae;Acinetobacter;Acinetobacter guillouiae NIPH 991
MAG_ENA_CBDHER010000056_CBDHER010000056.1|ENA|CBDHER010000056|CBDHER010000056.1|16S|2145-3638	0.999	APPJ01000016.185.1711	Bacteria;Proteobacteria;Gammaproteobacteria;Pseudomonadales;Moraxellaceae;Acinetobacter;Acinetobacter guillouiae NIPH 991
MAG_ENA_FZLS01000019_FZLS01000019.1|ENA|FZLS01000019|FZLS01000019.1|18S|5144-5996	0.999	GU474938.51329.52759	Bacteria;Proteobacteria;Alphaproteobacteria;Rhodobacterales;Rhodobacteraceae;Amylibacter;uncultured alpha proteobacterium EB080_L06A09
MAG_ENA_OY759361_OY759361.1|ENA|OY759361|OY759361.1|18S|1328419-1329289	0.999	JX206730.1.1509	Bacteria;Proteobacteria;Gammaproteobacteria;pItb-vmat-80;uncultured bacterium
MAG_ENA_OY760137_OY760137.1|ENA|OY760137|OY760137.1|18S|5167063-5167936	0.999	JX206506.1.1506	Bacteria;PAUC34f;uncultured bacterium
MAG_ENA_OY760137_OY760137.1|ENA|OY760137|OY760137.1|16S|5166411-5167942	0.999	JN002382.1.1508	Bacteria;PAUC34f;uncultured microorganism
MAG_ENA_OY760137_OY760137.1|ENA|OY760137|OY760137.1|16S|5166403-5167944	0.999	JN002382.1.1508	Bacteria;PAUC34f;uncultured microorganism
MAG_ENA_OY760647_OY760647.1|ENA|OY760647|OY760647.1|18S|3820918-3821774	0.999	JX206705.1.1467	Bacteria;Chloroflexi;Anaerolineae;Caldilineales;Caldilineaceae;uncultured;uncultured bacterium
MAG_ENA_OY762266_OY762266.1|ENA|OY762266|OY762266.1|16S|1158919-1160473	0.999	AQTV01000144.6373.7900	Bacteria;Poribacteria;Candidatus Poribacteria sp. WGA-4E
MAG_ENA_OY762266_OY762266.1|ENA|OY762266|OY762266.1|16S|1158921-1160446	0.999	AQTV01000144.6373.7900	Bacteria;Poribacteria;Candidatus Poribacteria sp. WGA-4E
MAG_ENA_OY762926_OY762926.1|ENA|OY762926|OY762926.1|18S|756973-757855	0.999	JX206739.1.1520	Bacteria;Gemmatimonadota;PAUC43f marine benthic group;uncultured bacterium
MAG_ENA_OZ242361_OZ242361.1|ENA|OZ242361|OZ242361.1|16S|2512826-2514379	0.999	JX206510.1.1518	Bacteria;PAUC34f;uncultured bacterium
MAG_ENA_OZ242361_OZ242361.1|ENA|OZ242361|OZ242361.1|16S|2512834-2514377	0.999	JX206510.1.1518	Bacteria;PAUC34f;uncultured bacterium
MAG_ENA_OZ253549_OZ253549.1|ENA|OZ253549|OZ253549.1|16S|3718-5247	0.999	CP022656.1737935.1739475	Bacteria;Proteobacteria;Gammaproteobacteria;Burkholderiales;Comamonadaceae;Delftia;Delftia acidovorans
MAG_ENA_OZ253549_OZ253549.1|ENA|OZ253549|OZ253549.1|16S|1970191-1971720	0.999	CP018101.2619742.2621282	Bacteria;Proteobacteria;Gammaproteobacteria;Burkholderiales;Comamonadaceae;Delftia;Delftia sp. HK171
MAG_ENA_OZ253549_OZ253549.1|ENA|OZ253549|OZ253549.1|16S|6034116-6035645	0.999	CP022656.1737935.1739475	Bacteria;Proteobacteria;Gammaproteobacteria;Burkholderiales;Comamonadaceae;Delftia;Delftia acidovorans
MAG_ENA_OZ253549_OZ253549.1|ENA|OZ253549|OZ253549.1|16S|1970199-1971718	0.999	CP018101.2619742.2621282	Bacteria;Proteobacteria;Gammaproteobacteria;Burkholderiales;Comamonadaceae;Delftia;Delftia sp. HK171
MAG_ENA_UNRA01000005_UNRA01000005.1|ENA|UNRA01000005|UNRA01000005.1|18S|273250-274097	0.999	EF092258.1.1374	Bacteria;Proteobacteria;Alphaproteobacteria;Rhodobacterales;Rhodobacteraceae;Tropicibacter;uncultured Roseobacter sp.
MAG_ENA_UNRD01000007_UNRD01000007.1|ENA|UNRD01000007|UNRD01000007.1|16S|160197-161733	0.999	CP003466.4232511.4234039	Bacteria;Proteobacteria;Gammaproteobacteria;Oceanospirillales;Alcanivoracaceae1;Alcanivorax;Alcanivorax dieselolei B5
MAG_ENA_UNRD01000007_UNRD01000007.1|ENA|UNRD01000007|UNRD01000007.1|16S|160198-161692	0.999	CP003466.4232511.4234039	Bacteria;Proteobacteria;Gammaproteobacteria;Oceanospirillales;Alcanivoracaceae1;Alcanivorax;Alcanivorax dieselolei B5
MAG_ENA_UNRE01000009_UNRE01000009.1|ENA|UNRE01000009|UNRE01000009.1|16S|2301-3841	0.999	KF577091.1.1458	Bacteria;Proteobacteria;Gammaproteobacteria;Alteromonadales;Psychromonadaceae;Agarivorans;Agarivorans sp. VibC-Oc-065
MAG_ENA_UNRG01000007_UNRG01000007.1|ENA|UNRG01000007|UNRG01000007.1|16S|169121-169950	0.999	LQAP01000004.192976.194481	Bacteria;Actinobacteriota;Actinobacteria;Micrococcales;Micrococcaceae;Pseudarthrobacter;Arthrobacter sp. B6
MAG_ENA_UNRE01000009_UNRE01000009.1|ENA|UNRE01000009|UNRE01000009.1|16S|2302-3801	0.999	KF577091.1.1458	Bacteria;Proteobacteria;Gammaproteobacteria;Alteromonadales;Psychromonadaceae;Agarivorans;Agarivorans sp. VibC-Oc-065
MAG_ENA_UNRI01000027_UNRI01000027.1|ENA|UNRI01000027|UNRI01000027.1|16S|2340-3131	0.999	HQ652544.1.1497	Bacteria;Actinobacteriota;Actinobacteria;Corynebacteriales;Dietziaceae;Dietzia;Dietzia sp. p9(2011)
MAG_ENA_UNRI01000027_UNRI01000027.1|ENA|UNRI01000027|UNRI01000027.1|16S|2342-3131	0.999	HQ652544.1.1497	Bacteria;Actinobacteriota;Actinobacteria;Corynebacteriales;Dietziaceae;Dietzia;Dietzia sp. p9(2011)
MAG_ENA_UNRI01000027_UNRI01000027.1|ENA|UNRI01000027|UNRI01000027.1|18S|2348-3125	0.999	HQ652544.1.1497	Bacteria;Actinobacteriota;Actinobacteria;Corynebacteriales;Dietziaceae;Dietzia;Dietzia sp. p9(2011)
MAG_ENA_UNRL01000018_UNRL01000018.1|ENA|UNRL01000018|UNRL01000018.1|16S|921-2461	0.999	FUZI01000030.15.1556	Bacteria;Proteobacteria;Gammaproteobacteria;Vibrionales;Vibrionaceae;Photobacterium;Photobacterium piscicola
MAG_ENA_UNRL01000018_UNRL01000018.1|ENA|UNRL01000018|UNRL01000018.1|16S|961-2460	0.999	FUZI01000030.15.1556	Bacteria;Proteobacteria;Gammaproteobacteria;Vibrionales;Vibrionaceae;Photobacterium;Photobacterium piscicola
odSpoOffi2.metagenome.1.primary|ctg21450l|16S|978943-980496	0.999	JX206590.1.1518	Bacteria;Proteobacteria;Gammaproteobacteria;EPR3968-O8a-Bc78;uncultured bacterium
odSpoOffi2.metagenome.1.primary|ctg21493l|16S|249085-250638	0.999	JX206590.1.1518	Bacteria;Proteobacteria;Gammaproteobacteria;EPR3968-O8a-Bc78;uncultured bacterium
odSpoOffi2.metagenome.1.primary|ctg21639c|16S|3420859-3422417	0.999	JX206584.1.1523	Bacteria;Acidobacteriota;Thermoanaerobaculia;Thermoanaerobaculales;Thermoanaerobaculaceae;Subgroup 10;uncultured bacterium
odSpoOffi2.metagenome.1.primary|ctg21655l|16S|5166403-5167944	0.999	JN002382.1.1508	Bacteria;PAUC34f;uncultured microorganism
odSpoOffi2.metagenome.1.primary|ctg21664c|16S|1158919-1160473	0.999	AQTV01000144.6373.7900	Bacteria;Poribacteria;Candidatus Poribacteria sp. WGA-4E
odSpoOffi2.metagenome.1.primary|ctg21450l|16S|978951-980494	0.999	JX206590.1.1518	Bacteria;Proteobacteria;Gammaproteobacteria;EPR3968-O8a-Bc78;uncultured bacterium
odSpoOffi2.metagenome.1.primary|ctg21493l|16S|249087-250630	0.999	JX206590.1.1518	Bacteria;Proteobacteria;Gammaproteobacteria;EPR3968-O8a-Bc78;uncultured bacterium
odSpoOffi2.metagenome.1.primary|ctg21639c|16S|3420861-3422409	0.999	JX206584.1.1523	Bacteria;Acidobacteriota;Thermoanaerobaculia;Thermoanaerobaculales;Thermoanaerobaculaceae;Subgroup 10;uncultured bacterium
odSpoOffi2.metagenome.1.primary|ctg21655l|16S|5166411-5167942	0.999	JN002382.1.1508	Bacteria;PAUC34f;uncultured microorganism
odSpoOffi2.metagenome.1.primary|ctg21664c|16S|1158921-1160446	0.999	AQTV01000144.6373.7900	Bacteria;Poribacteria;Candidatus Poribacteria sp. WGA-4E
odSpoOffi2.metagenome.1.primary|ctg20216l|18S|80829-81696	0.999	JX206631.1.1458	Bacteria;Acidobacteriota;Acidobacteriae;PAUC26f;uncultured bacterium
odSpoOffi2.metagenome.1.primary|ctg21450l|18S|979611-980488	0.999	JX206640.1.1518	Bacteria;Proteobacteria;Gammaproteobacteria;EPR3968-O8a-Bc78;uncultured bacterium
odSpoOffi2.metagenome.1.primary|ctg21493l|18S|249093-249970	0.999	JX206640.1.1518	Bacteria;Proteobacteria;Gammaproteobacteria;EPR3968-O8a-Bc78;uncultured bacterium
odSpoOffi2.metagenome.1.primary|ctg21535l|18S|1328419-1329289	0.999	JX206730.1.1509	Bacteria;Proteobacteria;Gammaproteobacteria;pItb-vmat-80;uncultured bacterium
odSpoOffi2.metagenome.1.primary|ctg21619l|18S|756973-757855	0.999	JX206739.1.1520	Bacteria;Gemmatimonadota;PAUC43f marine benthic group;uncultured bacterium
odSpoOffi2.metagenome.1.primary|ctg21624l|18S|4074971-4075846	0.999	ADFK02000001.1531.2853	Bacteria;Poribacteria;Candidatus Poribacteria sp. WGA-A3
odSpoOffi2.metagenome.1.primary|ctg21625c|18S|3820918-3821774	0.999	JX206705.1.1467	Bacteria;Chloroflexi;Anaerolineae;Caldilineales;Caldilineaceae;uncultured;uncultured bacterium
odSpoOffi2.metagenome.1.primary|ctg21655l|18S|5167063-5167936	0.999	JX206506.1.1506	Bacteria;PAUC34f;uncultured bacterium
odSpoOffi2.metagenome.1.primary|ctg21662l|18S|5210444-5211320	0.999	JX206505.1.1510	Bacteria;Poribacteria;uncultured bacterium
MAG_ENA_CAMZOF010000030_CAMZOF010000030.1|ENA|CAMZOF010000030|CAMZOF010000030.1|18S|819-1699	0.998	KC545306.1.1482	Bacteria;Proteobacteria;Alphaproteobacteria;Kiloniellales;Kiloniellaceae;Pelagibius;Rhodospirillaceae bacterium PS4B-B496
MAG_ENA_CAMZOK010000005_CAMZOK010000005.1|ENA|CAMZOK010000005|CAMZOK010000005.1|16S|476-1926	0.998	LAJH01000015.483.1935	Bacteria;Proteobacteria;Alphaproteobacteria;Rhodobacterales;Rhodobacteraceae;Shimia;Shimia sp. SK013
MAG_ENA_CAMZOK010000005_CAMZOK010000005.1|ENA|CAMZOK010000005|CAMZOK010000005.1|16S|467-1928	0.998	LAJH01000015.483.1935	Bacteria;Proteobacteria;Alphaproteobacteria;Rhodobacterales;Rhodobacteraceae;Shimia;Shimia sp. SK013
MAG_ENA_CAXXDF010000001_CAXXDF010000001.1|ENA|CAXXDF010000001|CAXXDF010000001.1|16S|3576-5073	0.998	HE818335.1.1409	Bacteria;Proteobacteria;Gammaproteobacteria;Oceanospirillales;Endozoicomonadaceae;Endozoicomonas;Endozoicomonas sp. Ez289
MAG_ENA_CAXXDF010000001_CAXXDF010000001.1|ENA|CAXXDF010000001|CAXXDF010000001.1|16S|3575-5113	0.998	HE818335.1.1409	Bacteria;Proteobacteria;Gammaproteobacteria;Oceanospirillales;Endozoicomonadaceae;Endozoicomonas;Endozoicomonas sp. Ez289
MAG_ENA_CAXXJS010000021_CAXXJS010000021.1|ENA|CAXXJS010000021|CAXXJS010000021.1|18S|98674-99547	0.998	JX206578.1.1520	Bacteria;PAUC34f;uncultured bacterium
MAG_ENA_CAXXXC010000019_CAXXXC010000019.1|ENA|CAXXXC010000019|CAXXXC010000019.1|18S|261492-262368	0.998	JX206661.1.1480	Bacteria;Acidobacteriota;Subgroup 11;uncultured bacterium
MAG_ENA_CAXXXX010000001_CAXXXX010000001.1|ENA|CAXXXX010000001|CAXXXX010000001.1|18S|1179905-1180781	0.998	JX206591.1.1513	Bacteria;Nitrospinota;P9X2b3D02;uncultured bacterium
MAG_ENA_CBDBLW010000035_CBDBLW010000035.1|ENA|CBDBLW010000035|CBDBLW010000035.1|18S|335573-336448	0.998	JQ612365.1.1523	Bacteria;Myxococcota;bacteriap25;uncultured bacterium
MAG_ENA_CBDBMQ010000033_CBDBMQ010000033.1|ENA|CBDBMQ010000033|CBDBMQ010000033.1|18S|81776-82644	0.998	JX280181.1.1452	Bacteria;Bacteroidota;Rhodothermia;Rhodothermales;Rhodothermaceae;uncultured;uncultured bacterium
MAG_ENA_CBDBNE010000005_CBDBNE010000005.1|ENA|CBDBNE010000005|CBDBNE010000005.1|16S|276538-278037	0.998	JX206595.1.1465	Bacteria;Proteobacteria;Alphaproteobacteria;Puniceispirillales;Puniceispirillales Incertae Sedis;Constrictibacter;uncultured bacterium
MAG_ENA_CBDBNE010000005_CBDBNE010000005.1|ENA|CBDBNE010000005|CBDBNE010000005.1|16S|276540-278030	0.998	JN655469.1.1465	Bacteria;Proteobacteria;Alphaproteobacteria;Puniceispirillales;Puniceispirillales Incertae Sedis;Constrictibacter;uncultured bacterium
MAG_ENA_CBDBNY010000004_CBDBNY010000004.1|ENA|CBDBNY010000004|CBDBNY010000004.1|18S|783402-784283	0.998	JX206739.1.1520	Bacteria;Gemmatimonadota;PAUC43f marine benthic group;uncultured bacterium
MAG_ENA_CBDBOK010000004_CBDBOK010000004.1|ENA|CBDBOK010000004|CBDBOK010000004.1|18S|746546-747419	0.998	JX206506.1.1506	Bacteria;PAUC34f;uncultured bacterium
MAG_ENA_CBDBOS010000002_CBDBOS010000002.1|ENA|CBDBOS010000002|CBDBOS010000002.1|18S|631478-632355	0.998	JN655438.1.1517	Bacteria;Proteobacteria;Gammaproteobacteria;UBA10353 marine group;uncultured bacterium
MAG_ENA_FKJK01000010_FKJK01000010.1|ENA|FKJK01000010|FKJK01000010.1|16S|176974-177508	0.998	GQ866083.1.1501	Bacteria;Proteobacteria;Gammaproteobacteria;Alteromonadales;Shewanellaceae;Shewanella;uncultured bacterium
MAG_ENA_OY760008_OY760008.1|ENA|OY760008|OY760008.1|18S|98674-99547	0.998	JX206578.1.1520	Bacteria;PAUC34f;uncultured bacterium
MAG_ENA_OY760398_OY760398.1|ENA|OY760398|OY760398.1|18S|379193-380080	0.998	JX206654.1.1464	Bacteria;Chloroflexi;Anaerolineae;SBR1031;A4b;uncultured bacterium
MAG_ENA_OY760398_OY760398.1|ENA|OY760398|OY760398.1|18S|1637467-1638354	0.998	JX206654.1.1464	Bacteria;Chloroflexi;Anaerolineae;SBR1031;A4b;uncultured bacterium
MAG_ENA_OY760408_OY760408.1|ENA|OY760408|OY760408.1|16S|3575-5113	0.998	HE818335.1.1409	Bacteria;Proteobacteria;Gammaproteobacteria;Oceanospirillales;Endozoicomonadaceae;Endozoicomonas;Endozoicomonas sp. Ez289
MAG_ENA_OY760408_OY760408.1|ENA|OY760408|OY760408.1|16S|3576-5073	0.998	HE818335.1.1409	Bacteria;Proteobacteria;Gammaproteobacteria;Oceanospirillales;Endozoicomonadaceae;Endozoicomonas;Endozoicomonas sp. Ez289
MAG_ENA_OY760687_OY760687.1|ENA|OY760687|OY760687.1|18S|2836413-2837289	0.998	EF076100.1.1459	Bacteria;Chloroflexi;Dehalococcoidia;SAR202 clade;uncultured Chloroflexi bacterium
MAG_ENA_OY761465_OY761465.1|ENA|OY761465|OY761465.1|18S|3392716-3393593	0.998	JN002379.1.1521	Bacteria;Myxococcota;bacteriap25;uncultured microorganism
MAG_ENA_OY762409_OY762409.1|ENA|OY762409|OY762409.1|18S|1600344-1601205	0.998	FJ900579.1.1432	Bacteria;Chloroflexi;Dehalococcoidia;SAR202 clade;uncultured bacterium
MAG_ENA_OY762445_OY762445.1|ENA|OY762445|OY762445.1|18S|2448335-2449212	0.998	JX206729.1.1519	Bacteria;AncK6;uncultured bacterium
MAG_ENA_OY762553_OY762553.1|ENA|OY762553|OY762553.1|18S|1179905-1180781	0.998	JX206591.1.1513	Bacteria;Nitrospinota;P9X2b3D02;uncultured bacterium
MAG_ENA_OY762933_OY762933.1|ENA|OY762933|OY762933.1|18S|2448808-2449683	0.998	JX206665.1.1501	Bacteria;Proteobacteria;Gammaproteobacteria;Steroidobacterales;Woeseiaceae;JTB255 marine benthic group;uncultured bacterium
MAG_ENA_OY763039_OY763039.1|ENA|OY763039|OY763039.1|18S|261492-262368	0.998	JX206661.1.1480	Bacteria;Acidobacteriota;Subgroup 11;uncultured bacterium
MAG_ENA_OY763426_OY763426.1|ENA|OY763426|OY763426.1|18S|3483652-3484533	0.998	JX206703.1.1515	Bacteria;Myxococcota;bacteriap25;uncultured bacterium
MAG_ENA_OY763426_OY763426.1|ENA|OY763426|OY763426.1|16S|3482991-3484541	0.998	JX206694.1.1515	Bacteria;Myxococcota;bacteriap25;uncultured bacterium
MAG_ENA_OY763426_OY763426.1|ENA|OY763426|OY763426.1|16S|3482999-3484539	0.998	JX206694.1.1515	Bacteria;Myxococcota;bacteriap25;uncultured bacterium
MAG_ENA_OY763921_OY763921.1|ENA|OY763921|OY763921.1|18S|824081-824965	0.998	JX206737.1.1500	Bacteria;Dadabacteria;Dadabacteriia;Dadabacteriales;uncultured bacterium
MAG_ENA_OY763921_OY763921.1|ENA|OY763921|OY763921.1|16S|823446-824971	0.998	JX206736.1.1500	Bacteria;Dadabacteria;Dadabacteriia;Dadabacteriales;uncultured bacterium
MAG_ENA_OY763921_OY763921.1|ENA|OY763921|OY763921.1|16S|823437-824973	0.998	JX206736.1.1500	Bacteria;Dadabacteria;Dadabacteriia;Dadabacteriales;uncultured bacterium
MAG_ENA_OY764083_OY764083.1|ENA|OY764083|OY764083.1|18S|656852-657738	0.998	FJ269336.1.1484	Bacteria;Acidobacteriota;Subgroup 21;uncultured Acidobacteria bacterium
MAG_ENA_OY764543_OY764543.1|ENA|OY764543|OY764543.1|18S|1332273-1333143	0.998	HQ270384.1.1398	Bacteria;Deinococcota;Deinococci;Deinococcales;Trueperaceae;Truepera;uncultured Truepera sp.
MAG_ENA_OZ242259_OZ242259.1|ENA|OZ242259|OZ242259.1|18S|3999551-4000420	0.998	JX206655.1.1456	Bacteria;Acidobacteriota;Acidobacteriae;PAUC26f;uncultured bacterium
MAG_ENA_OZ242259_OZ242259.1|ENA|OZ242259|OZ242259.1|16S|3998938-4000428	0.998	JX206655.1.1456	Bacteria;Acidobacteriota;Acidobacteriae;PAUC26f;uncultured bacterium
MAG_ENA_OZ242259_OZ242259.1|ENA|OZ242259|OZ242259.1|16S|3998946-4000426	0.998	JX206655.1.1456	Bacteria;Acidobacteriota;Acidobacteriae;PAUC26f;uncultured bacterium
MAG_ENA_OZ242260_OZ242260.1|ENA|OZ242260|OZ242260.1|18S|1914798-1915674	0.998	JX206591.1.1513	Bacteria;Nitrospinota;P9X2b3D02;uncultured bacterium
MAG_ENA_OZ242266_OZ242266.1|ENA|OZ242266|OZ242266.1|18S|2784594-2785471	0.998	JX206729.1.1519	Bacteria;AncK6;uncultured bacterium
MAG_ENA_OZ242343_OZ242343.1|ENA|OZ242343|OZ242343.1|18S|436892-437767	0.998	JN655381.1.1497	Bacteria;Proteobacteria;Gammaproteobacteria;HOC36;uncultured bacterium
MAG_ENA_OZ242361_OZ242361.1|ENA|OZ242361|OZ242361.1|18S|2513493-2514371	0.998	JX206514.1.1518	Bacteria;PAUC34f;uncultured bacterium
MAG_ENA_UNRL01000008_UNRL01000008.1|ENA|UNRL01000008|UNRL01000008.1|16S|4-506	0.998	LNQZ01000059.20.1544	Bacteria;Proteobacteria;Gammaproteobacteria;Vibrionales;Vibrionaceae;Photobacterium;Photobacterium aquimaris
MAG_ENA_UNRL01000008_UNRL01000008.1|ENA|UNRL01000008|UNRL01000008.1|16S|7-505	0.998	LNQZ01000059.20.1544	Bacteria;Proteobacteria;Gammaproteobacteria;Vibrionales;Vibrionaceae;Photobacterium;Photobacterium aquimaris
MAG_ENA_UNRL01000008_UNRL01000008.1|ENA|UNRL01000008|UNRL01000008.1|18S|6-499	0.998	LNQZ01000059.20.1544	Bacteria;Proteobacteria;Gammaproteobacteria;Vibrionales;Vibrionaceae;Photobacterium;Photobacterium aquimaris
odSpoOffi2.metagenome.1.primary|ctg20216l|16S|80210-81704	0.998	JX206631.1.1458	Bacteria;Acidobacteriota;Acidobacteriae;PAUC26f;uncultured bacterium
odSpoOffi2.metagenome.1.primary|ctg21517c|16S|823437-824973	0.998	JX206736.1.1500	Bacteria;Dadabacteria;Dadabacteriia;Dadabacteriales;uncultured bacterium
odSpoOffi2.metagenome.1.primary|ctg21530l|16S|245845-247335	0.998	JX206655.1.1456	Bacteria;Acidobacteriota;Acidobacteriae;PAUC26f;uncultured bacterium
odSpoOffi2.metagenome.1.primary|ctg21642c|16S|2309071-2310629	0.998	JX206615.1.1523	Bacteria;Acidobacteriota;Thermoanaerobaculia;Thermoanaerobaculales;Thermoanaerobaculaceae;Subgroup 10;uncultured bacterium
odSpoOffi2.metagenome.1.primary|ctg21643c|16S|3482991-3484541	0.998	JX206694.1.1515	Bacteria;Myxococcota;bacteriap25;uncultured bacterium
odSpoOffi2.metagenome.1.primary|ctg7857l|16S|3575-5113	0.998	HE818335.1.1409	Bacteria;Proteobacteria;Gammaproteobacteria;Oceanospirillales;Endozoicomonadaceae;Endozoicomonas;Endozoicomonas sp. Ez289
odSpoOffi2.metagenome.1.primary|ctg20216l|16S|80219-81702	0.998	JX206631.1.1458	Bacteria;Acidobacteriota;Acidobacteriae;PAUC26f;uncultured bacterium
odSpoOffi2.metagenome.1.primary|ctg21517c|16S|823446-824971	0.998	JX206736.1.1500	Bacteria;Dadabacteria;Dadabacteriia;Dadabacteriales;uncultured bacterium
odSpoOffi2.metagenome.1.primary|ctg21530l|16S|245847-247327	0.998	JX206655.1.1456	Bacteria;Acidobacteriota;Acidobacteriae;PAUC26f;uncultured bacterium
odSpoOffi2.metagenome.1.primary|ctg21642c|16S|2309073-2310621	0.998	JX206615.1.1523	Bacteria;Acidobacteriota;Thermoanaerobaculia;Thermoanaerobaculales;Thermoanaerobaculaceae;Subgroup 10;uncultured bacterium
odSpoOffi2.metagenome.1.primary|ctg21643c|16S|3482999-3484539	0.998	JX206694.1.1515	Bacteria;Myxococcota;bacteriap25;uncultured bacterium
odSpoOffi2.metagenome.1.primary|ctg21652l|16S|527865-529373	0.998	JX206704.1.1511	Bacteria;Poribacteria;uncultured bacterium
odSpoOffi2.metagenome.1.primary|ctg7857l|16S|3576-5073	0.998	HE818335.1.1409	Bacteria;Proteobacteria;Gammaproteobacteria;Oceanospirillales;Endozoicomonadaceae;Endozoicomonas;Endozoicomonas sp. Ez289
odSpoOffi2.metagenome.1.primary|ctg17543l|18S|22511-23388	0.998	JX206505.1.1510	Bacteria;Poribacteria;uncultured bacterium
odSpoOffi2.metagenome.1.primary|ctg20272l|18S|28767-29644	0.998	JN655438.1.1517	Bacteria;Proteobacteria;Gammaproteobacteria;UBA10353 marine group;uncultured bacterium
odSpoOffi2.metagenome.1.primary|ctg20735l|18S|98674-99547	0.998	JX206578.1.1520	Bacteria;PAUC34f;uncultured bacterium
odSpoOffi2.metagenome.1.primary|ctg21132l|18S|261492-262368	0.998	JX206661.1.1480	Bacteria;Acidobacteriota;Subgroup 11;uncultured bacterium
odSpoOffi2.metagenome.1.primary|ctg21496l|18S|560529-561405	0.998	JX206591.1.1513	Bacteria;Nitrospinota;P9X2b3D02;uncultured bacterium
odSpoOffi2.metagenome.1.primary|ctg21502l|18S|1224320-1225197	0.998	JN655438.1.1517	Bacteria;Proteobacteria;Gammaproteobacteria;UBA10353 marine group;uncultured bacterium
odSpoOffi2.metagenome.1.primary|ctg21517c|18S|824081-824965	0.998	JX206737.1.1500	Bacteria;Dadabacteria;Dadabacteriia;Dadabacteriales;uncultured bacterium
odSpoOffi2.metagenome.1.primary|ctg21530l|18S|245853-246722	0.998	JX206655.1.1456	Bacteria;Acidobacteriota;Acidobacteriae;PAUC26f;uncultured bacterium
odSpoOffi2.metagenome.1.primary|ctg21541l|18S|1179905-1180781	0.998	JX206591.1.1513	Bacteria;Nitrospinota;P9X2b3D02;uncultured bacterium
odSpoOffi2.metagenome.1.primary|ctg21585c|18S|2448808-2449683	0.998	JX206665.1.1501	Bacteria;Proteobacteria;Gammaproteobacteria;Steroidobacterales;Woeseiaceae;JTB255 marine benthic group;uncultured bacterium
odSpoOffi2.metagenome.1.primary|ctg21593c|18S|1332273-1333143	0.998	HQ270384.1.1398	Bacteria;Deinococcota;Deinococci;Deinococcales;Trueperaceae;Truepera;uncultured Truepera sp.
odSpoOffi2.metagenome.1.primary|ctg21612c|18S|2448335-2449212	0.998	JX206729.1.1519	Bacteria;AncK6;uncultured bacterium
odSpoOffi2.metagenome.1.primary|ctg21613c|18S|2836413-2837289	0.998	EF076100.1.1459	Bacteria;Chloroflexi;Dehalococcoidia;SAR202 clade;uncultured Chloroflexi bacterium
odSpoOffi2.metagenome.1.primary|ctg21618c|18S|1600344-1601205	0.998	FJ900579.1.1432	Bacteria;Chloroflexi;Dehalococcoidia;SAR202 clade;uncultured bacterium
odSpoOffi2.metagenome.1.primary|ctg21626c|18S|3392716-3393593	0.998	JN002379.1.1521	Bacteria;Myxococcota;bacteriap25;uncultured microorganism
odSpoOffi2.metagenome.1.primary|ctg21630c|18S|379193-380080	0.998	JX206654.1.1464	Bacteria;Chloroflexi;Anaerolineae;SBR1031;A4b;uncultured bacterium
odSpoOffi2.metagenome.1.primary|ctg21630c|18S|1637467-1638354	0.998	JX206654.1.1464	Bacteria;Chloroflexi;Anaerolineae;SBR1031;A4b;uncultured bacterium
odSpoOffi2.metagenome.1.primary|ctg21633c|18S|2198487-2199361	0.998	JQ612248.1.1508	Bacteria;Proteobacteria;Gammaproteobacteria;JTB23;uncultured bacterium
odSpoOffi2.metagenome.1.primary|ctg21639c|18S|3420867-3421749	0.998	JX206581.1.1523	Bacteria;Acidobacteriota;Thermoanaerobaculia;Thermoanaerobaculales;Thermoanaerobaculaceae;Subgroup 10;uncultured bacterium
odSpoOffi2.metagenome.1.primary|ctg21642c|18S|2309079-2309961	0.998	JX206581.1.1523	Bacteria;Acidobacteriota;Thermoanaerobaculia;Thermoanaerobaculales;Thermoanaerobaculaceae;Subgroup 10;uncultured bacterium
odSpoOffi2.metagenome.1.primary|ctg21643c|18S|3483652-3484533	0.998	JX206703.1.1515	Bacteria;Myxococcota;bacteriap25;uncultured bacterium
odSpoOffi2.metagenome.1.primary|ctg21648c|18S|656852-657738	0.998	FJ269336.1.1484	Bacteria;Acidobacteriota;Subgroup 21;uncultured Acidobacteria bacterium
odSpoOffi2.metagenome.1.primary|ctg21652l|18S|527871-528747	0.998	JX206505.1.1510	Bacteria;Poribacteria;uncultured bacterium
MAG_ENA_CAMZOI010000002_CAMZOI010000002.1|ENA|CAMZOI010000002|CAMZOI010000002.1|18S|316929-317808	0.997	DQ395740.1.1453	Bacteria;Proteobacteria;Alphaproteobacteria;Sphingomonadales;Sphingomonadaceae;Erythrobacter;uncultured organism
MAG_ENA_CAXXDF010000012_CAXXDF010000012.1|ENA|CAXXDF010000012|CAXXDF010000012.1|18S|5295-7164	0.997	KM217467.1.1821	Eukaryota;Amorphea;Obazoa;Opisthokonta;Holozoa;Choanozoa;Metazoa;Animalia;BCP clade;Bilateria;Protostomia;Ecdysozoa;Arthropoda;Crustacea;Maxillopoda;Thecostraca;Sessilia;Neoacasta laevigata
MAG_ENA_CAXXDF010000012_CAXXDF010000012.1|ENA|CAXXDF010000012|CAXXDF010000012.1|18S|16342-18211	0.997	KM217467.1.1821	Eukaryota;Amorphea;Obazoa;Opisthokonta;Holozoa;Choanozoa;Metazoa;Animalia;BCP clade;Bilateria;Protostomia;Ecdysozoa;Arthropoda;Crustacea;Maxillopoda;Thecostraca;Sessilia;Neoacasta laevigata
MAG_ENA_CAXXWS020000003_CAXXWS020000003.1|ENA|CAXXWS020000003|CAXXWS020000003.1|16S|764139-765638	0.997	JX206595.1.1465	Bacteria;Proteobacteria;Alphaproteobacteria;Puniceispirillales;Puniceispirillales Incertae Sedis;Constrictibacter;uncultured bacterium
MAG_ENA_CAXXWS020000003_CAXXWS020000003.1|ENA|CAXXWS020000003|CAXXWS020000003.1|16S|764146-765636	0.997	JX206595.1.1465	Bacteria;Proteobacteria;Alphaproteobacteria;Puniceispirillales;Puniceispirillales Incertae Sedis;Constrictibacter;uncultured bacterium
MAG_ENA_CAXXXC010000019_CAXXXC010000019.1|ENA|CAXXXC010000019|CAXXXC010000019.1|16S|261484-262998	0.997	JX206661.1.1480	Bacteria;Acidobacteriota;Subgroup 11;uncultured bacterium
MAG_ENA_CAXXXC010000019_CAXXXC010000019.1|ENA|CAXXXC010000019|CAXXXC010000019.1|16S|261486-262991	0.997	JX206661.1.1480	Bacteria;Acidobacteriota;Subgroup 11;uncultured bacterium
MAG_ENA_CAXXXX010000001_CAXXXX010000001.1|ENA|CAXXXX010000001|CAXXXX010000001.1|16S|1179241-1180789	0.997	JX206591.1.1513	Bacteria;Nitrospinota;P9X2b3D02;uncultured bacterium
MAG_ENA_CAXXXX010000001_CAXXXX010000001.1|ENA|CAXXXX010000001|CAXXXX010000001.1|16S|1179249-1180787	0.997	JX206591.1.1513	Bacteria;Nitrospinota;P9X2b3D02;uncultured bacterium
MAG_ENA_CBDBNQ010000002_CBDBNQ010000002.1|ENA|CBDBNQ010000002|CBDBNQ010000002.1|16S|1073616-1075148	0.997	HQ270256.1.1500	Bacteria;Nitrospirota;Nitrospiria;Nitrospirales;Nitrospiraceae;Nitrospira;uncultured Nitrospira sp.
MAG_ENA_CBDBNQ010000002_CBDBNQ010000002.1|ENA|CBDBNQ010000002|CBDBNQ010000002.1|16S|1073618-1075139	0.997	HQ270256.1.1500	Bacteria;Nitrospirota;Nitrospiria;Nitrospirales;Nitrospiraceae;Nitrospira;uncultured Nitrospira sp.
MAG_ENA_CBDBOS010000002_CBDBOS010000002.1|ENA|CBDBOS010000002|CBDBOS010000002.1|16S|631472-633014	0.997	JN655438.1.1517	Bacteria;Proteobacteria;Gammaproteobacteria;UBA10353 marine group;uncultured bacterium
MAG_ENA_CBDBOS010000002_CBDBOS010000002.1|ENA|CBDBOS010000002|CBDBOS010000002.1|16S|631472-633022	0.997	JN655438.1.1517	Bacteria;Proteobacteria;Gammaproteobacteria;UBA10353 marine group;uncultured bacterium
MAG_ENA_CBDBPJ010000003_CBDBPJ010000003.1|ENA|CBDBPJ010000003|CBDBPJ010000003.1|18S|688106-688980	0.997	HE985098.1.1542	Bacteria;Proteobacteria;Gammaproteobacteria;JTB23;uncultured bacterium
MAG_ENA_OY759361_OY759361.1|ENA|OY759361|OY759361.1|16S|1327753-1329297	0.997	JX206662.1.1509	Bacteria;Proteobacteria;Gammaproteobacteria;pItb-vmat-80;uncultured bacterium
MAG_ENA_OY759361_OY759361.1|ENA|OY759361|OY759361.1|16S|1327761-1329295	0.997	JX206662.1.1509	Bacteria;Proteobacteria;Gammaproteobacteria;pItb-vmat-80;uncultured bacterium
MAG_ENA_OY760419_OY760419.1|ENA|OY760419|OY760419.1|18S|5295-7164	0.997	KM217467.1.1821	Eukaryota;Amorphea;Obazoa;Opisthokonta;Holozoa;Choanozoa;Metazoa;Animalia;BCP clade;Bilateria;Protostomia;Ecdysozoa;Arthropoda;Crustacea;Maxillopoda;Thecostraca;Sessilia;Neoacasta laevigata
MAG_ENA_OY760419_OY760419.1|ENA|OY760419|OY760419.1|18S|16342-18211	0.997	KM217467.1.1821	Eukaryota;Amorphea;Obazoa;Opisthokonta;Holozoa;Choanozoa;Metazoa;Animalia;BCP clade;Bilateria;Protostomia;Ecdysozoa;Arthropoda;Crustacea;Maxillopoda;Thecostraca;Sessilia;Neoacasta laevigata
MAG_ENA_OY760647_OY760647.1|ENA|OY760647|OY760647.1|16S|3820280-3821783	0.997	JX206705.1.1467	Bacteria;Chloroflexi;Anaerolineae;Caldilineales;Caldilineaceae;uncultured;uncultured bacterium
MAG_ENA_OY760647_OY760647.1|ENA|OY760647|OY760647.1|16S|3820289-3821781	0.997	JX206705.1.1467	Bacteria;Chloroflexi;Anaerolineae;Caldilineales;Caldilineaceae;uncultured;uncultured bacterium
MAG_ENA_OY762287_OY762287.1|ENA|OY762287|OY762287.1|16S|764146-765636	0.997	JX206595.1.1465	Bacteria;Proteobacteria;Alphaproteobacteria;Puniceispirillales;Puniceispirillales Incertae Sedis;Constrictibacter;uncultured bacterium
MAG_ENA_OY762287_OY762287.1|ENA|OY762287|OY762287.1|16S|764139-765638	0.997	JX206595.1.1465	Bacteria;Proteobacteria;Alphaproteobacteria;Puniceispirillales;Puniceispirillales Incertae Sedis;Constrictibacter;uncultured bacterium
MAG_ENA_OY762445_OY762445.1|ENA|OY762445|OY762445.1|16S|2448327-2449882	0.997	JX206729.1.1519	Bacteria;AncK6;uncultured bacterium
MAG_ENA_OY762445_OY762445.1|ENA|OY762445|OY762445.1|16S|2448329-2449873	0.997	JX206729.1.1519	Bacteria;AncK6;uncultured bacterium
MAG_ENA_OY762553_OY762553.1|ENA|OY762553|OY762553.1|16S|1179241-1180789	0.997	JX206591.1.1513	Bacteria;Nitrospinota;P9X2b3D02;uncultured bacterium
MAG_ENA_OY762553_OY762553.1|ENA|OY762553|OY762553.1|16S|1179249-1180787	0.997	JX206591.1.1513	Bacteria;Nitrospinota;P9X2b3D02;uncultured bacterium
MAG_ENA_OY762933_OY762933.1|ENA|OY762933|OY762933.1|16S|2448154-2449691	0.997	JX206665.1.1501	Bacteria;Proteobacteria;Gammaproteobacteria;Steroidobacterales;Woeseiaceae;JTB255 marine benthic group;uncultured bacterium
MAG_ENA_OY762933_OY762933.1|ENA|OY762933|OY762933.1|16S|2448163-2449689	0.997	JX206665.1.1501	Bacteria;Proteobacteria;Gammaproteobacteria;Steroidobacterales;Woeseiaceae;JTB255 marine benthic group;uncultured bacterium
MAG_ENA_OY763039_OY763039.1|ENA|OY763039|OY763039.1|16S|261484-262998	0.997	JX206661.1.1480	Bacteria;Acidobacteriota;Subgroup 11;uncultured bacterium
MAG_ENA_OY763039_OY763039.1|ENA|OY763039|OY763039.1|16S|261486-262991	0.997	JX206661.1.1480	Bacteria;Acidobacteriota;Subgroup 11;uncultured bacterium
MAG_ENA_OY764542_OY764542.1|ENA|OY764542|OY764542.1|16S|1859594-1861092	0.997	JX206718.1.1462	Bacteria;Chloroflexi;Dehalococcoidia;SAR202 clade;uncultured bacterium
MAG_ENA_OY764542_OY764542.1|ENA|OY764542|OY764542.1|16S|1859603-1861090	0.997	JX206718.1.1462	Bacteria;Chloroflexi;Dehalococcoidia;SAR202 clade;uncultured bacterium
MAG_ENA_OZ242260_OZ242260.1|ENA|OZ242260|OZ242260.1|16S|1914134-1915682	0.997	JX206591.1.1513	Bacteria;Nitrospinota;P9X2b3D02;uncultured bacterium
MAG_ENA_OZ242260_OZ242260.1|ENA|OZ242260|OZ242260.1|16S|1914142-1915680	0.997	JX206591.1.1513	Bacteria;Nitrospinota;P9X2b3D02;uncultured bacterium
MAG_ENA_OZ242265_OZ242265.1|ENA|OZ242265|OZ242265.1|16S|903514-905056	0.997	JX206582.1.1508	Bacteria;Proteobacteria;Gammaproteobacteria;JTB23;uncultured bacterium
MAG_ENA_OZ242265_OZ242265.1|ENA|OZ242265|OZ242265.1|16S|903522-905055	0.997	JX206582.1.1508	Bacteria;Proteobacteria;Gammaproteobacteria;JTB23;uncultured bacterium
MAG_ENA_OZ242266_OZ242266.1|ENA|OZ242266|OZ242266.1|16S|2783924-2785479	0.997	JX206729.1.1519	Bacteria;AncK6;uncultured bacterium
MAG_ENA_OZ242266_OZ242266.1|ENA|OZ242266|OZ242266.1|16S|2783933-2785477	0.997	JX206729.1.1519	Bacteria;AncK6;uncultured bacterium
MAG_ENA_OZ242296_OZ242296.1|ENA|OZ242296|OZ242296.1|16S|3103304-3104818	0.997	JX206605.1.1480	Bacteria;Acidobacteriota;Subgroup 11;uncultured bacterium
MAG_ENA_OZ242296_OZ242296.1|ENA|OZ242296|OZ242296.1|16S|3103306-3104811	0.997	JX206605.1.1480	Bacteria;Acidobacteriota;Subgroup 11;uncultured bacterium
MAG_ENA_OZ242316_OZ242316.1|ENA|OZ242316|OZ242316.1|18S|2204656-2205544	0.997	JX206654.1.1464	Bacteria;Chloroflexi;Anaerolineae;SBR1031;A4b;uncultured bacterium
MAG_ENA_OZ242348_OZ242348.1|ENA|OZ242348|OZ242348.1|16S|2460157-2461655	0.997	JX206718.1.1462	Bacteria;Chloroflexi;Dehalococcoidia;SAR202 clade;uncultured bacterium
MAG_ENA_OZ242348_OZ242348.1|ENA|OZ242348|OZ242348.1|16S|2460166-2461653	0.997	JX206718.1.1462	Bacteria;Chloroflexi;Dehalococcoidia;SAR202 clade;uncultured bacterium
odSpoOffi2.metagenome.1.primary|ctg13751l|16S|8002-9541	0.997	JX206690.1.1504	Bacteria;Proteobacteria;Gammaproteobacteria;UBA10353 marine group;uncultured bacterium
odSpoOffi2.metagenome.1.primary|ctg18042l|16S|7711-8632	0.997	AJ703888.1.1783	Eukaryota;Amorphea;Obazoa;Opisthokonta;Holozoa;Choanozoa;Metazoa;Porifera;Demospongiae;Dictyoceratida;Ircinia felix felix
odSpoOffi2.metagenome.1.primary|ctg18042l|16S|17954-18875	0.997	AJ703888.1.1783	Eukaryota;Amorphea;Obazoa;Opisthokonta;Holozoa;Choanozoa;Metazoa;Porifera;Demospongiae;Dictyoceratida;Ircinia felix felix
odSpoOffi2.metagenome.1.primary|ctg18042l|16S|28204-29125	0.997	AJ703888.1.1783	Eukaryota;Amorphea;Obazoa;Opisthokonta;Holozoa;Choanozoa;Metazoa;Porifera;Demospongiae;Dictyoceratida;Ircinia felix felix
odSpoOffi2.metagenome.1.primary|ctg20272l|16S|28100-29650	0.997	JN655438.1.1517	Bacteria;Proteobacteria;Gammaproteobacteria;UBA10353 marine group;uncultured bacterium
odSpoOffi2.metagenome.1.primary|ctg21132l|16S|261484-262998	0.997	JX206661.1.1480	Bacteria;Acidobacteriota;Subgroup 11;uncultured bacterium
odSpoOffi2.metagenome.1.primary|ctg21318l|16S|736171-737092	0.997	AJ703888.1.1783	Eukaryota;Amorphea;Obazoa;Opisthokonta;Holozoa;Choanozoa;Metazoa;Porifera;Demospongiae;Dictyoceratida;Ircinia felix felix
odSpoOffi2.metagenome.1.primary|ctg21434l|16S|11980-13522	0.997	JX206582.1.1508	Bacteria;Proteobacteria;Gammaproteobacteria;JTB23;uncultured bacterium
odSpoOffi2.metagenome.1.primary|ctg21440l|16S|764139-765638	0.997	JX206595.1.1465	Bacteria;Proteobacteria;Alphaproteobacteria;Puniceispirillales;Puniceispirillales Incertae Sedis;Constrictibacter;uncultured bacterium
odSpoOffi2.metagenome.1.primary|ctg21502l|16S|1223653-1225203	0.997	JN655438.1.1517	Bacteria;Proteobacteria;Gammaproteobacteria;UBA10353 marine group;uncultured bacterium
odSpoOffi2.metagenome.1.primary|ctg21496l|16S|559865-561413	0.997	JX206591.1.1513	Bacteria;Nitrospinota;P9X2b3D02;uncultured bacterium
odSpoOffi2.metagenome.1.primary|ctg21535l|16S|1327753-1329297	0.997	JX206662.1.1509	Bacteria;Proteobacteria;Gammaproteobacteria;pItb-vmat-80;uncultured bacterium
odSpoOffi2.metagenome.1.primary|ctg21541l|16S|1179241-1180789	0.997	JX206591.1.1513	Bacteria;Nitrospinota;P9X2b3D02;uncultured bacterium
odSpoOffi2.metagenome.1.primary|ctg21561l|16S|1647944-1649486	0.997	JX280173.1.1468	Bacteria;Proteobacteria;Gammaproteobacteria;Nitrosococcales;Nitrosococcaceae;AqS1;uncultured bacterium
odSpoOffi2.metagenome.1.primary|ctg21585c|16S|2448154-2449691	0.997	JX206665.1.1501	Bacteria;Proteobacteria;Gammaproteobacteria;Steroidobacterales;Woeseiaceae;JTB255 marine benthic group;uncultured bacterium
odSpoOffi2.metagenome.1.primary|ctg21599l|16S|1344767-1346325	0.997	JX206584.1.1523	Bacteria;Acidobacteriota;Thermoanaerobaculia;Thermoanaerobaculales;Thermoanaerobaculaceae;Subgroup 10;uncultured bacterium
odSpoOffi2.metagenome.1.primary|ctg21603c|16S|1859594-1861092	0.997	JX206718.1.1462	Bacteria;Chloroflexi;Dehalococcoidia;SAR202 clade;uncultured bacterium
odSpoOffi2.metagenome.1.primary|ctg21612c|16S|2448327-2449882	0.997	JX206729.1.1519	Bacteria;AncK6;uncultured bacterium
odSpoOffi2.metagenome.1.primary|ctg21625c|16S|3820280-3821783	0.997	JX206705.1.1467	Bacteria;Chloroflexi;Anaerolineae;Caldilineales;Caldilineaceae;uncultured;uncultured bacterium
odSpoOffi2.metagenome.1.primary|ctg21635l|16S|5844-6765	0.997	AJ703888.1.1783	Eukaryota;Amorphea;Obazoa;Opisthokonta;Holozoa;Choanozoa;Metazoa;Porifera;Demospongiae;Dictyoceratida;Ircinia felix felix
odSpoOffi2.metagenome.1.primary|ctg21646l|16S|855816-857358	0.997	JX206582.1.1508	Bacteria;Proteobacteria;Gammaproteobacteria;JTB23;uncultured bacterium
odSpoOffi2.metagenome.1.primary|ctg21647c|16S|4002462-4004020	0.997	JX206584.1.1523	Bacteria;Acidobacteriota;Thermoanaerobaculia;Thermoanaerobaculales;Thermoanaerobaculaceae;Subgroup 10;uncultured bacterium
odSpoOffi2.metagenome.1.primary|ctg13751l|16S|8004-9533	0.997	JX206690.1.1504	Bacteria;Proteobacteria;Gammaproteobacteria;UBA10353 marine group;uncultured bacterium
odSpoOffi2.metagenome.1.primary|ctg18042l|16S|7711-8635	0.997	AJ703888.1.1783	Eukaryota;Amorphea;Obazoa;Opisthokonta;Holozoa;Choanozoa;Metazoa;Porifera;Demospongiae;Dictyoceratida;Ircinia felix felix
odSpoOffi2.metagenome.1.primary|ctg18042l|16S|17954-18878	0.997	AJ703888.1.1783	Eukaryota;Amorphea;Obazoa;Opisthokonta;Holozoa;Choanozoa;Metazoa;Porifera;Demospongiae;Dictyoceratida;Ircinia felix felix
odSpoOffi2.metagenome.1.primary|ctg18042l|16S|28204-29128	0.997	AJ703888.1.1783	Eukaryota;Amorphea;Obazoa;Opisthokonta;Holozoa;Choanozoa;Metazoa;Porifera;Demospongiae;Dictyoceratida;Ircinia felix felix
odSpoOffi2.metagenome.1.primary|ctg20272l|16S|28108-29650	0.997	JN655438.1.1517	Bacteria;Proteobacteria;Gammaproteobacteria;UBA10353 marine group;uncultured bacterium
odSpoOffi2.metagenome.1.primary|ctg21132l|16S|261486-262991	0.997	JX206661.1.1480	Bacteria;Acidobacteriota;Subgroup 11;uncultured bacterium
odSpoOffi2.metagenome.1.primary|ctg21318l|16S|736168-737092	0.997	AJ703888.1.1783	Eukaryota;Amorphea;Obazoa;Opisthokonta;Holozoa;Choanozoa;Metazoa;Porifera;Demospongiae;Dictyoceratida;Ircinia felix felix
odSpoOffi2.metagenome.1.primary|ctg21434l|16S|11988-13521	0.997	JX206582.1.1508	Bacteria;Proteobacteria;Gammaproteobacteria;JTB23;uncultured bacterium
odSpoOffi2.metagenome.1.primary|ctg21440l|16S|764146-765636	0.997	JX206595.1.1465	Bacteria;Proteobacteria;Alphaproteobacteria;Puniceispirillales;Puniceispirillales Incertae Sedis;Constrictibacter;uncultured bacterium
odSpoOffi2.metagenome.1.primary|ctg21496l|16S|559873-561411	0.997	JX206591.1.1513	Bacteria;Nitrospinota;P9X2b3D02;uncultured bacterium
odSpoOffi2.metagenome.1.primary|ctg21502l|16S|1223661-1225203	0.997	JN655438.1.1517	Bacteria;Proteobacteria;Gammaproteobacteria;UBA10353 marine group;uncultured bacterium
odSpoOffi2.metagenome.1.primary|ctg21535l|16S|1327761-1329295	0.997	JX206662.1.1509	Bacteria;Proteobacteria;Gammaproteobacteria;pItb-vmat-80;uncultured bacterium
odSpoOffi2.metagenome.1.primary|ctg21541l|16S|1179249-1180787	0.997	JX206591.1.1513	Bacteria;Nitrospinota;P9X2b3D02;uncultured bacterium
odSpoOffi2.metagenome.1.primary|ctg21561l|16S|1647946-1649478	0.997	JX280173.1.1468	Bacteria;Proteobacteria;Gammaproteobacteria;Nitrosococcales;Nitrosococcaceae;AqS1;uncultured bacterium
odSpoOffi2.metagenome.1.primary|ctg21585c|16S|2448163-2449689	0.997	JX206665.1.1501	Bacteria;Proteobacteria;Gammaproteobacteria;Steroidobacterales;Woeseiaceae;JTB255 marine benthic group;uncultured bacterium
odSpoOffi2.metagenome.1.primary|ctg21599l|16S|1344775-1346323	0.997	JX206584.1.1523	Bacteria;Acidobacteriota;Thermoanaerobaculia;Thermoanaerobaculales;Thermoanaerobaculaceae;Subgroup 10;uncultured bacterium
odSpoOffi2.metagenome.1.primary|ctg21603c|16S|1859603-1861090	0.997	JX206718.1.1462	Bacteria;Chloroflexi;Dehalococcoidia;SAR202 clade;uncultured bacterium
odSpoOffi2.metagenome.1.primary|ctg21612c|16S|2448329-2449873	0.997	JX206729.1.1519	Bacteria;AncK6;uncultured bacterium
odSpoOffi2.metagenome.1.primary|ctg21624l|16S|4074348-4075852	0.997	ADFK02000001.1531.2853	Bacteria;Poribacteria;Candidatus Poribacteria sp. WGA-A3
odSpoOffi2.metagenome.1.primary|ctg21625c|16S|3820289-3821781	0.997	JX206705.1.1467	Bacteria;Chloroflexi;Anaerolineae;Caldilineales;Caldilineaceae;uncultured;uncultured bacterium
odSpoOffi2.metagenome.1.primary|ctg21635l|16S|5841-6765	0.997	AJ703888.1.1783	Eukaryota;Amorphea;Obazoa;Opisthokonta;Holozoa;Choanozoa;Metazoa;Porifera;Demospongiae;Dictyoceratida;Ircinia felix felix
odSpoOffi2.metagenome.1.primary|ctg21646l|16S|855824-857357	0.997	JX206582.1.1508	Bacteria;Proteobacteria;Gammaproteobacteria;JTB23;uncultured bacterium
odSpoOffi2.metagenome.1.primary|ctg21647c|16S|4002470-4004018	0.997	JX206584.1.1523	Bacteria;Acidobacteriota;Thermoanaerobaculia;Thermoanaerobaculales;Thermoanaerobaculaceae;Subgroup 10;uncultured bacterium
odSpoOffi2.metagenome.1.primary|ctg19307l|18S|23287-24175	0.997	JX206630.1.1464	Bacteria;Chloroflexi;Anaerolineae;SBR1031;A4b;uncultured bacterium
odSpoOffi2.metagenome.1.primary|ctg18474c|18S|5295-7164	0.997	KM217467.1.1821	Eukaryota;Amorphea;Obazoa;Opisthokonta;Holozoa;Choanozoa;Metazoa;Animalia;BCP clade;Bilateria;Protostomia;Ecdysozoa;Arthropoda;Crustacea;Maxillopoda;Thecostraca;Sessilia;Neoacasta laevigata
odSpoOffi2.metagenome.1.primary|ctg18474c|18S|16342-18211	0.997	KM217467.1.1821	Eukaryota;Amorphea;Obazoa;Opisthokonta;Holozoa;Choanozoa;Metazoa;Animalia;BCP clade;Bilateria;Protostomia;Ecdysozoa;Arthropoda;Crustacea;Maxillopoda;Thecostraca;Sessilia;Neoacasta laevigata
odSpoOffi2.metagenome.1.primary|ctg21550l|18S|128483-129363	0.997	JQ612195.1.1480	Bacteria;Actinobacteriota;Acidimicrobiia;Microtrichales;Microtrichaceae;Sva0996 marine group;uncultured bacterium
MAG_ENA_CAMZOG010000182_CAMZOG010000182.1|ENA|CAMZOG010000182|CAMZOG010000182.1|16S|1827-2365	0.996	HE818343.1.1406	Bacteria;Proteobacteria;Gammaproteobacteria;Oceanospirillales;Endozoicomonadaceae;Endozoicomonas;Endozoicomonas sp. Ez302
MAG_ENA_CAMZOG010000253_CAMZOG010000253.1|ENA|CAMZOG010000253|CAMZOG010000253.1|16S|1-815	0.996	HE818343.1.1406	Bacteria;Proteobacteria;Gammaproteobacteria;Oceanospirillales;Endozoicomonadaceae;Endozoicomonas;Endozoicomonas sp. Ez302
MAG_ENA_CAMZOG010000253_CAMZOG010000253.1|ENA|CAMZOG010000253|CAMZOG010000253.1|16S|1-816	0.996	HE818343.1.1406	Bacteria;Proteobacteria;Gammaproteobacteria;Oceanospirillales;Endozoicomonadaceae;Endozoicomonas;Endozoicomonas sp. Ez302
MAG_ENA_CAXXHK010000006_CAXXHK010000006.1|ENA|CAXXHK010000006|CAXXHK010000006.1|18S|445218-446094	0.996	JQ612365.1.1523	Bacteria;Myxococcota;bacteriap25;uncultured bacterium
MAG_ENA_CAXXJS010000021_CAXXJS010000021.1|ENA|CAXXJS010000021|CAXXJS010000021.1|16S|97999-99555	0.996	JX206578.1.1520	Bacteria;PAUC34f;uncultured bacterium
MAG_ENA_CAXXJS010000021_CAXXJS010000021.1|ENA|CAXXJS010000021|CAXXJS010000021.1|16S|98007-99553	0.996	JX206578.1.1520	Bacteria;PAUC34f;uncultured bacterium
MAG_ENA_CAXXWS020000003_CAXXWS020000003.1|ENA|CAXXWS020000003|CAXXWS020000003.1|18S|764754-765630	0.996	JN655469.1.1465	Bacteria;Proteobacteria;Alphaproteobacteria;Puniceispirillales;Puniceispirillales Incertae Sedis;Constrictibacter;uncultured bacterium
MAG_ENA_OY760008_OY760008.1|ENA|OY760008|OY760008.1|16S|97999-99555	0.996	JX206578.1.1520	Bacteria;PAUC34f;uncultured bacterium
MAG_ENA_OY760008_OY760008.1|ENA|OY760008|OY760008.1|16S|98007-99553	0.996	JX206578.1.1520	Bacteria;PAUC34f;uncultured bacterium
MAG_ENA_OY761558_OY761558.1|ENA|OY761558|OY761558.1|18S|1937305-1938180	0.996	EF076083.1.1472	Bacteria;Chloroflexi;Dehalococcoidia;SAR202 clade;uncultured Chloroflexi bacterium
MAG_ENA_OY762210_OY762210.1|ENA|OY762210|OY762210.1|18S|3540611-3541470	0.996	JQ612188.1.1459	Bacteria;Chloroflexi;Dehalococcoidia;SAR202 clade;uncultured bacterium
MAG_ENA_OY762287_OY762287.1|ENA|OY762287|OY762287.1|18S|764754-765630	0.996	JN655469.1.1465	Bacteria;Proteobacteria;Alphaproteobacteria;Puniceispirillales;Puniceispirillales Incertae Sedis;Constrictibacter;uncultured bacterium
MAG_ENA_OY762526_OY762526.1|ENA|OY762526|OY762526.1|18S|445218-446094	0.996	JQ612365.1.1523	Bacteria;Myxococcota;bacteriap25;uncultured bacterium
MAG_ENA_OY763007_OY763007.1|ENA|OY763007|OY763007.1|18S|2503964-2504829	0.996	JQ612263.1.1497	Bacteria;Nitrospirota;Nitrospiria;Nitrospirales;Nitrospiraceae;Nitrospira;uncultured bacterium
MAG_ENA_OY764543_OY764543.1|ENA|OY764543|OY764543.1|16S|1331628-1333151	0.996	HQ270384.1.1398	Bacteria;Deinococcota;Deinococci;Deinococcales;Trueperaceae;Truepera;uncultured Truepera sp.
MAG_ENA_OY764543_OY764543.1|ENA|OY764543|OY764543.1|16S|1331637-1333149	0.996	HQ270384.1.1398	Bacteria;Deinococcota;Deinococci;Deinococcales;Trueperaceae;Truepera;uncultured Truepera sp.
MAG_ENA_OZ242296_OZ242296.1|ENA|OZ242296|OZ242296.1|18S|3103312-3104187	0.996	JX206605.1.1480	Bacteria;Acidobacteriota;Subgroup 11;uncultured bacterium
MAG_ENA_OZ242368_OZ242368.1|ENA|OZ242368|OZ242368.1|18S|3345928-3346803	0.996	EF076083.1.1472	Bacteria;Chloroflexi;Dehalococcoidia;SAR202 clade;uncultured Chloroflexi bacterium
odSpoOffi2.metagenome.1.primary|ctg20735l|16S|97999-99555	0.996	JX206578.1.1520	Bacteria;PAUC34f;uncultured bacterium
odSpoOffi2.metagenome.1.primary|ctg21593c|16S|1331628-1333151	0.996	HQ270384.1.1398	Bacteria;Deinococcota;Deinococci;Deinococcales;Trueperaceae;Truepera;uncultured Truepera sp.
odSpoOffi2.metagenome.1.primary|ctg21652l|16S|527863-529409	0.996	JX206704.1.1511	Bacteria;Poribacteria;uncultured bacterium
odSpoOffi2.metagenome.1.primary|ctg21656c|16S|1883667-1885184	0.996	FJ560485.9433.10941	Bacteria;Chloroflexi;Anaerolineae;Caldilineales;Caldilineaceae;uncultured;uncultured Chloroflexi bacterium 1i19
odSpoOffi2.metagenome.1.primary|ctg20735l|16S|98007-99553	0.996	JX206578.1.1520	Bacteria;PAUC34f;uncultured bacterium
odSpoOffi2.metagenome.1.primary|ctg21593c|16S|1331637-1333149	0.996	HQ270384.1.1398	Bacteria;Deinococcota;Deinococci;Deinococcales;Trueperaceae;Truepera;uncultured Truepera sp.
odSpoOffi2.metagenome.1.primary|ctg21656c|16S|1883669-1885176	0.996	FJ560485.9433.10941	Bacteria;Chloroflexi;Anaerolineae;Caldilineales;Caldilineaceae;uncultured;uncultured Chloroflexi bacterium 1i19
odSpoOffi2.metagenome.1.primary|ctg13751l|18S|8010-8885	0.996	JX206690.1.1504	Bacteria;Proteobacteria;Gammaproteobacteria;UBA10353 marine group;uncultured bacterium
odSpoOffi2.metagenome.1.primary|ctg21318l|18S|735353-737094	0.996	KC902365.1.1715	Eukaryota;Amorphea;Obazoa;Opisthokonta;Holozoa;Choanozoa;Metazoa;Porifera;Demospongiae;Dictyoceratida;Spongia pertusa
odSpoOffi2.metagenome.1.primary|ctg21440l|18S|764754-765630	0.996	JN655469.1.1465	Bacteria;Proteobacteria;Alphaproteobacteria;Puniceispirillales;Puniceispirillales Incertae Sedis;Constrictibacter;uncultured bacterium
odSpoOffi2.metagenome.1.primary|ctg21536l|18S|445218-446094	0.996	JQ612365.1.1523	Bacteria;Myxococcota;bacteriap25;uncultured bacterium
odSpoOffi2.metagenome.1.primary|ctg21555l|18S|581335-582200	0.996	JQ612263.1.1497	Bacteria;Nitrospirota;Nitrospiria;Nitrospirales;Nitrospiraceae;Nitrospira;uncultured bacterium
odSpoOffi2.metagenome.1.primary|ctg21570c|18S|2503964-2504829	0.996	JQ612263.1.1497	Bacteria;Nitrospirota;Nitrospiria;Nitrospirales;Nitrospiraceae;Nitrospira;uncultured bacterium
odSpoOffi2.metagenome.1.primary|ctg21607c|18S|1937305-1938180	0.996	EF076083.1.1472	Bacteria;Chloroflexi;Dehalococcoidia;SAR202 clade;uncultured Chloroflexi bacterium
odSpoOffi2.metagenome.1.primary|ctg21615c|18S|3540611-3541470	0.996	JQ612188.1.1459	Bacteria;Chloroflexi;Dehalococcoidia;SAR202 clade;uncultured bacterium
odSpoOffi2.metagenome.1.primary|ctg21628c|18S|2297033-2297911	0.996	JQ612228.1.1482	Bacteria;Actinobacteriota;Acidimicrobiia;Microtrichales;Microtrichaceae;Sva0996 marine group;uncultured bacterium
MAG_ENA_CAMZOF010000030_CAMZOF010000030.1|ENA|CAMZOF010000030|CAMZOF010000030.1|16S|229-1705	0.995	KC545306.1.1482	Bacteria;Proteobacteria;Alphaproteobacteria;Kiloniellales;Kiloniellaceae;Pelagibius;Rhodospirillaceae bacterium PS4B-B496
MAG_ENA_CAMZOF010000030_CAMZOF010000030.1|ENA|CAMZOF010000030|CAMZOF010000030.1|16S|220-1707	0.995	KC545306.1.1482	Bacteria;Proteobacteria;Alphaproteobacteria;Kiloniellales;Kiloniellaceae;Pelagibius;Rhodospirillaceae bacterium PS4B-B496
MAG_ENA_CAXXDD010000002_CAXXDD010000002.1|ENA|CAXXDD010000002|CAXXDD010000002.1|18S|1712511-1713392	0.995	JX280350.1.1483	Bacteria;Gemmatimonadota;BD2-11 terrestrial group;uncultured bacterium
MAG_ENA_CAXXDW010000006_CAXXDW010000006.1|ENA|CAXXDW010000006|CAXXDW010000006.1|16S|1139942-1141478	0.995	JX280282.1.1463	Bacteria;Proteobacteria;Gammaproteobacteria;EPR3968-O8a-Bc78;uncultured bacterium
MAG_ENA_CAXXDW010000006_CAXXDW010000006.1|ENA|CAXXDW010000006|CAXXDW010000006.1|16S|1139943-1141470	0.995	JX280282.1.1463	Bacteria;Proteobacteria;Gammaproteobacteria;EPR3968-O8a-Bc78;uncultured bacterium
MAG_ENA_CAXXHK010000006_CAXXHK010000006.1|ENA|CAXXHK010000006|CAXXHK010000006.1|16S|445212-446761	0.995	JQ612365.1.1523	Bacteria;Myxococcota;bacteriap25;uncultured bacterium
MAG_ENA_CAXXHK010000006_CAXXHK010000006.1|ENA|CAXXHK010000006|CAXXHK010000006.1|16S|445210-446769	0.995	JQ612365.1.1523	Bacteria;Myxococcota;bacteriap25;uncultured bacterium
MAG_ENA_CAXXPN010000002_CAXXPN010000002.1|ENA|CAXXPN010000002|CAXXPN010000002.1|18S|3210093-3210969	0.995	JN655469.1.1465	Bacteria;Proteobacteria;Alphaproteobacteria;Puniceispirillales;Puniceispirillales Incertae Sedis;Constrictibacter;uncultured bacterium
MAG_ENA_CAXXPN010000002_CAXXPN010000002.1|ENA|CAXXPN010000002|CAXXPN010000002.1|16S|3210085-3211584	0.995	JX206595.1.1465	Bacteria;Proteobacteria;Alphaproteobacteria;Puniceispirillales;Puniceispirillales Incertae Sedis;Constrictibacter;uncultured bacterium
MAG_ENA_CAXXPN010000002_CAXXPN010000002.1|ENA|CAXXPN010000002|CAXXPN010000002.1|16S|3210087-3211577	0.995	JX206595.1.1465	Bacteria;Proteobacteria;Alphaproteobacteria;Puniceispirillales;Puniceispirillales Incertae Sedis;Constrictibacter;uncultured bacterium
MAG_ENA_CAXXVI010000002_CAXXVI010000002.1|ENA|CAXXVI010000002|CAXXVI010000002.1|18S|3723031-3723912	0.995	JN655263.1.1521	Bacteria;Acidobacteriota;Vicinamibacteria;Subgroup 9;uncultured bacterium
MAG_ENA_CBDBLW010000035_CBDBLW010000035.1|ENA|CBDBLW010000035|CBDBLW010000035.1|16S|335565-337123	0.995	JQ612365.1.1523	Bacteria;Myxococcota;bacteriap25;uncultured bacterium
MAG_ENA_CBDBLW010000035_CBDBLW010000035.1|ENA|CBDBLW010000035|CBDBLW010000035.1|16S|335567-337115	0.995	JQ612365.1.1523	Bacteria;Myxococcota;bacteriap25;uncultured bacterium
MAG_ENA_CBDBNQ010000002_CBDBNQ010000002.1|ENA|CBDBNQ010000002|CBDBNQ010000002.1|18S|1073624-1074488	0.995	HE817860.1.1530	Bacteria;Nitrospirota;Nitrospiria;Nitrospirales;Nitrospiraceae;Nitrospira;uncultured bacterium
MAG_ENA_CBDBPJ010000003_CBDBPJ010000003.1|ENA|CBDBPJ010000003|CBDBPJ010000003.1|16S|687445-688987	0.995	JX206582.1.1508	Bacteria;Proteobacteria;Gammaproteobacteria;JTB23;uncultured bacterium
MAG_ENA_CBDBPJ010000003_CBDBPJ010000003.1|ENA|CBDBPJ010000003|CBDBPJ010000003.1|16S|687453-688986	0.995	JX206582.1.1508	Bacteria;Proteobacteria;Gammaproteobacteria;JTB23;uncultured bacterium
MAG_ENA_FKJK01000009_FKJK01000009.1|ENA|FKJK01000009|FKJK01000009.1|16S|191478-191881	0.995	FJ169980.1.1511	Bacteria;Proteobacteria;Gammaproteobacteria;Alteromonadales;Shewanellaceae;Shewanella;Shewanella sp. E505-3
MAG_ENA_OY759723_OY759723.1|ENA|OY759723|OY759723.1|18S|1227796-1228644	0.995	FJ560485.9433.10941	Bacteria;Chloroflexi;Anaerolineae;Caldilineales;Caldilineaceae;uncultured;uncultured Chloroflexi bacterium 1i19
MAG_ENA_OY759723_OY759723.1|ENA|OY759723|OY759723.1|16S|1908425-1909942	0.995	FJ560485.9433.10941	Bacteria;Chloroflexi;Anaerolineae;Caldilineales;Caldilineaceae;uncultured;uncultured Chloroflexi bacterium 1i19
MAG_ENA_OY759723_OY759723.1|ENA|OY759723|OY759723.1|18S|1909086-1909934	0.995	FJ560485.9433.10941	Bacteria;Chloroflexi;Anaerolineae;Caldilineales;Caldilineaceae;uncultured;uncultured Chloroflexi bacterium 1i19
MAG_ENA_OY759723_OY759723.1|ENA|OY759723|OY759723.1|16S|1908433-1909940	0.995	FJ560485.9433.10941	Bacteria;Chloroflexi;Anaerolineae;Caldilineales;Caldilineaceae;uncultured;uncultured Chloroflexi bacterium 1i19
MAG_ENA_OY760136_OY760136.1|ENA|OY760136|OY760136.1|18S|1697602-1698476	0.995	JQ612274.1.1516	Bacteria;Acidobacteriota;Vicinamibacteria;Vicinamibacterales;uncultured;uncultured bacterium
MAG_ENA_OY760398_OY760398.1|ENA|OY760398|OY760398.1|16S|378589-380088	0.995	JX206654.1.1464	Bacteria;Chloroflexi;Anaerolineae;SBR1031;A4b;uncultured bacterium
MAG_ENA_OY760398_OY760398.1|ENA|OY760398|OY760398.1|16S|1637459-1638958	0.995	JX206654.1.1464	Bacteria;Chloroflexi;Anaerolineae;SBR1031;A4b;uncultured bacterium
MAG_ENA_OY760398_OY760398.1|ENA|OY760398|OY760398.1|16S|378598-380086	0.995	JX206654.1.1464	Bacteria;Chloroflexi;Anaerolineae;SBR1031;A4b;uncultured bacterium
MAG_ENA_OY760398_OY760398.1|ENA|OY760398|OY760398.1|16S|1637461-1638949	0.995	JX206654.1.1464	Bacteria;Chloroflexi;Anaerolineae;SBR1031;A4b;uncultured bacterium
MAG_ENA_OY760933_OY760933.1|ENA|OY760933|OY760933.1|18S|3190508-3191386	0.995	JX206715.1.1472	Bacteria;Actinobacteriota;Acidimicrobiia;Microtrichales;Microtrichaceae;Sva0996 marine group;uncultured bacterium
MAG_ENA_OY760933_OY760933.1|ENA|OY760933|OY760933.1|16S|3190502-3191999	0.995	JX206715.1.1472	Bacteria;Actinobacteriota;Acidimicrobiia;Microtrichales;Microtrichaceae;Sva0996 marine group;uncultured bacterium
MAG_ENA_OY760933_OY760933.1|ENA|OY760933|OY760933.1|16S|3190500-3192007	0.995	JX206715.1.1472	Bacteria;Actinobacteriota;Acidimicrobiia;Microtrichales;Microtrichaceae;Sva0996 marine group;uncultured bacterium
MAG_ENA_OY762404_OY762404.1|ENA|OY762404|OY762404.1|16S|1139942-1141478	0.995	JX280282.1.1463	Bacteria;Proteobacteria;Gammaproteobacteria;EPR3968-O8a-Bc78;uncultured bacterium
MAG_ENA_OY762404_OY762404.1|ENA|OY762404|OY762404.1|16S|1139943-1141470	0.995	JX280282.1.1463	Bacteria;Proteobacteria;Gammaproteobacteria;EPR3968-O8a-Bc78;uncultured bacterium
MAG_ENA_OY762526_OY762526.1|ENA|OY762526|OY762526.1|16S|445210-446769	0.995	JQ612365.1.1523	Bacteria;Myxococcota;bacteriap25;uncultured bacterium
MAG_ENA_OY762526_OY762526.1|ENA|OY762526|OY762526.1|16S|445212-446761	0.995	JQ612365.1.1523	Bacteria;Myxococcota;bacteriap25;uncultured bacterium
MAG_ENA_OY763007_OY763007.1|ENA|OY763007|OY763007.1|16S|2503304-2504837	0.995	JQ612262.1.1497	Bacteria;Nitrospirota;Nitrospiria;Nitrospirales;Nitrospiraceae;Nitrospira;uncultured bacterium
MAG_ENA_OY763007_OY763007.1|ENA|OY763007|OY763007.1|16S|2503313-2504835	0.995	JQ612262.1.1497	Bacteria;Nitrospirota;Nitrospiria;Nitrospirales;Nitrospiraceae;Nitrospira;uncultured bacterium
MAG_ENA_OY764218_OY764218.1|ENA|OY764218|OY764218.1|18S|3210093-3210969	0.995	JN655469.1.1465	Bacteria;Proteobacteria;Alphaproteobacteria;Puniceispirillales;Puniceispirillales Incertae Sedis;Constrictibacter;uncultured bacterium
MAG_ENA_OY764218_OY764218.1|ENA|OY764218|OY764218.1|16S|3210085-3211584	0.995	JX206595.1.1465	Bacteria;Proteobacteria;Alphaproteobacteria;Puniceispirillales;Puniceispirillales Incertae Sedis;Constrictibacter;uncultured bacterium
MAG_ENA_OY764218_OY764218.1|ENA|OY764218|OY764218.1|16S|3210087-3211577	0.995	JX206595.1.1465	Bacteria;Proteobacteria;Alphaproteobacteria;Puniceispirillales;Puniceispirillales Incertae Sedis;Constrictibacter;uncultured bacterium
MAG_ENA_OY764222_OY764222.1|ENA|OY764222|OY764222.1|16S|2090938-2092420	0.995	JN655383.1.1447	Bacteria;Proteobacteria;Alphaproteobacteria;Rhodobacterales;Rhodobacteraceae;Albidovulum;uncultured bacterium
MAG_ENA_OY764222_OY764222.1|ENA|OY764222|OY764222.1|16S|2090947-2092418	0.995	JN655383.1.1447	Bacteria;Proteobacteria;Alphaproteobacteria;Rhodobacterales;Rhodobacteraceae;Albidovulum;uncultured bacterium
MAG_ENA_OY764542_OY764542.1|ENA|OY764542|OY764542.1|18S|1860216-1861084	0.995	JX206718.1.1462	Bacteria;Chloroflexi;Dehalococcoidia;SAR202 clade;uncultured bacterium
MAG_ENA_OZ223985_OZ223985.1|ENA|OZ223985|OZ223985.1|18S|3723031-3723912	0.995	JN655263.1.1521	Bacteria;Acidobacteriota;Vicinamibacteria;Subgroup 9;uncultured bacterium
MAG_ENA_OZ242265_OZ242265.1|ENA|OZ242265|OZ242265.1|18S|904175-905049	0.995	HE985098.1.1542	Bacteria;Proteobacteria;Gammaproteobacteria;JTB23;uncultured bacterium
MAG_ENA_OZ242316_OZ242316.1|ENA|OZ242316|OZ242316.1|18S|954590-955476	0.995	JX206654.1.1464	Bacteria;Chloroflexi;Anaerolineae;SBR1031;A4b;uncultured bacterium
MAG_ENA_OZ242337_OZ242337.1|ENA|OZ242337|OZ242337.1|18S|3131463-3132344	0.995	JQ612195.1.1480	Bacteria;Actinobacteriota;Acidimicrobiia;Microtrichales;Microtrichaceae;Sva0996 marine group;uncultured bacterium
MAG_ENA_OZ242348_OZ242348.1|ENA|OZ242348|OZ242348.1|18S|2460779-2461647	0.995	JX206718.1.1462	Bacteria;Chloroflexi;Dehalococcoidia;SAR202 clade;uncultured bacterium
odSpoOffi2.metagenome.1.primary|ctg21488l|16S|1139942-1141478	0.995	JX280282.1.1463	Bacteria;Proteobacteria;Gammaproteobacteria;EPR3968-O8a-Bc78;uncultured bacterium
odSpoOffi2.metagenome.1.primary|ctg21525l|16S|1506665-1508216	0.995	HG423460.1.1482	Bacteria;Acidobacteriota;Vicinamibacteria;Vicinamibacterales;uncultured;uncultured bacterium
odSpoOffi2.metagenome.1.primary|ctg21536l|16S|445210-446769	0.995	JQ612365.1.1523	Bacteria;Myxococcota;bacteriap25;uncultured bacterium
odSpoOffi2.metagenome.1.primary|ctg21550l|16S|127858-129371	0.995	JQ612195.1.1480	Bacteria;Actinobacteriota;Acidimicrobiia;Microtrichales;Microtrichaceae;Sva0996 marine group;uncultured bacterium
odSpoOffi2.metagenome.1.primary|ctg21570c|16S|2503304-2504837	0.995	JQ612262.1.1497	Bacteria;Nitrospirota;Nitrospiria;Nitrospirales;Nitrospiraceae;Nitrospira;uncultured bacterium
odSpoOffi2.metagenome.1.primary|ctg21591c|16S|2090938-2092420	0.995	JN655383.1.1447	Bacteria;Proteobacteria;Alphaproteobacteria;Rhodobacterales;Rhodobacteraceae;Albidovulum;uncultured bacterium
odSpoOffi2.metagenome.1.primary|ctg21600l|16S|3210085-3211584	0.995	JX206595.1.1465	Bacteria;Proteobacteria;Alphaproteobacteria;Puniceispirillales;Puniceispirillales Incertae Sedis;Constrictibacter;uncultured bacterium
odSpoOffi2.metagenome.1.primary|ctg21608l|16S|3190500-3192007	0.995	JX206715.1.1472	Bacteria;Actinobacteriota;Acidimicrobiia;Microtrichales;Microtrichaceae;Sva0996 marine group;uncultured bacterium
odSpoOffi2.metagenome.1.primary|ctg21630c|16S|378589-380088	0.995	JX206654.1.1464	Bacteria;Chloroflexi;Anaerolineae;SBR1031;A4b;uncultured bacterium
odSpoOffi2.metagenome.1.primary|ctg21630c|16S|1637459-1638958	0.995	JX206654.1.1464	Bacteria;Chloroflexi;Anaerolineae;SBR1031;A4b;uncultured bacterium
odSpoOffi2.metagenome.1.primary|ctg21633c|16S|2197826-2199368	0.995	JN655324.1.1507	Bacteria;Proteobacteria;Gammaproteobacteria;JTB23;uncultured bacterium
odSpoOffi2.metagenome.1.primary|ctg21651c|16S|1908425-1909942	0.995	FJ560485.9433.10941	Bacteria;Chloroflexi;Anaerolineae;Caldilineales;Caldilineaceae;uncultured;uncultured Chloroflexi bacterium 1i19
odSpoOffi2.metagenome.1.primary|ctg21656c|16S|1138782-1140299	0.995	FJ560485.9433.10941	Bacteria;Chloroflexi;Anaerolineae;Caldilineales;Caldilineaceae;uncultured;uncultured Chloroflexi bacterium 1i19
odSpoOffi2.metagenome.1.primary|ctg21488l|16S|1139943-1141470	0.995	JX280282.1.1463	Bacteria;Proteobacteria;Gammaproteobacteria;EPR3968-O8a-Bc78;uncultured bacterium
odSpoOffi2.metagenome.1.primary|ctg21525l|16S|1506673-1508214	0.995	HG423460.1.1482	Bacteria;Acidobacteriota;Vicinamibacteria;Vicinamibacterales;uncultured;uncultured bacterium
odSpoOffi2.metagenome.1.primary|ctg21536l|16S|445212-446761	0.995	JQ612365.1.1523	Bacteria;Myxococcota;bacteriap25;uncultured bacterium
odSpoOffi2.metagenome.1.primary|ctg21550l|16S|127865-129369	0.995	JQ612195.1.1480	Bacteria;Actinobacteriota;Acidimicrobiia;Microtrichales;Microtrichaceae;Sva0996 marine group;uncultured bacterium
odSpoOffi2.metagenome.1.primary|ctg21570c|16S|2503313-2504835	0.995	JQ612262.1.1497	Bacteria;Nitrospirota;Nitrospiria;Nitrospirales;Nitrospiraceae;Nitrospira;uncultured bacterium
odSpoOffi2.metagenome.1.primary|ctg21591c|16S|2090947-2092418	0.995	JN655383.1.1447	Bacteria;Proteobacteria;Alphaproteobacteria;Rhodobacterales;Rhodobacteraceae;Albidovulum;uncultured bacterium
odSpoOffi2.metagenome.1.primary|ctg21600l|16S|3210087-3211577	0.995	JX206595.1.1465	Bacteria;Proteobacteria;Alphaproteobacteria;Puniceispirillales;Puniceispirillales Incertae Sedis;Constrictibacter;uncultured bacterium
odSpoOffi2.metagenome.1.primary|ctg21608l|16S|3190502-3191999	0.995	JX206715.1.1472	Bacteria;Actinobacteriota;Acidimicrobiia;Microtrichales;Microtrichaceae;Sva0996 marine group;uncultured bacterium
odSpoOffi2.metagenome.1.primary|ctg21630c|16S|378598-380086	0.995	JX206654.1.1464	Bacteria;Chloroflexi;Anaerolineae;SBR1031;A4b;uncultured bacterium
odSpoOffi2.metagenome.1.primary|ctg21630c|16S|1637461-1638949	0.995	JX206654.1.1464	Bacteria;Chloroflexi;Anaerolineae;SBR1031;A4b;uncultured bacterium
odSpoOffi2.metagenome.1.primary|ctg21633c|16S|2197834-2199367	0.995	JN655324.1.1507	Bacteria;Proteobacteria;Gammaproteobacteria;JTB23;uncultured bacterium
odSpoOffi2.metagenome.1.primary|ctg21651c|16S|1908433-1909940	0.995	FJ560485.9433.10941	Bacteria;Chloroflexi;Anaerolineae;Caldilineales;Caldilineaceae;uncultured;uncultured Chloroflexi bacterium 1i19
odSpoOffi2.metagenome.1.primary|ctg21656c|16S|1138784-1140291	0.995	FJ560485.9433.10941	Bacteria;Chloroflexi;Anaerolineae;Caldilineales;Caldilineaceae;uncultured;uncultured Chloroflexi bacterium 1i19
odSpoOffi2.metagenome.1.primary|ctg13520l|18S|7029-7906	0.995	FJ900557.1.1478	Bacteria;Proteobacteria;Gammaproteobacteria;Nitrosococcales;Nitrosococcaceae;AqS1;uncultured bacterium
odSpoOffi2.metagenome.1.primary|ctg17339l|18S|11537-12414	0.995	FJ900557.1.1478	Bacteria;Proteobacteria;Gammaproteobacteria;Nitrosococcales;Nitrosococcaceae;AqS1;uncultured bacterium
odSpoOffi2.metagenome.1.primary|ctg21525l|18S|1507333-1508208	0.995	JX280368.1.1477	Bacteria;Acidobacteriota;Vicinamibacteria;Vicinamibacterales;uncultured;uncultured bacterium
odSpoOffi2.metagenome.1.primary|ctg21589l|18S|1712511-1713392	0.995	JX280350.1.1483	Bacteria;Gemmatimonadota;BD2-11 terrestrial group;uncultured bacterium
odSpoOffi2.metagenome.1.primary|ctg21599l|18S|1345435-1346317	0.995	JX206581.1.1523	Bacteria;Acidobacteriota;Thermoanaerobaculia;Thermoanaerobaculales;Thermoanaerobaculaceae;Subgroup 10;uncultured bacterium
odSpoOffi2.metagenome.1.primary|ctg21600l|18S|3210093-3210969	0.995	JN655469.1.1465	Bacteria;Proteobacteria;Alphaproteobacteria;Puniceispirillales;Puniceispirillales Incertae Sedis;Constrictibacter;uncultured bacterium
odSpoOffi2.metagenome.1.primary|ctg21603c|18S|1860216-1861084	0.995	JX206718.1.1462	Bacteria;Chloroflexi;Dehalococcoidia;SAR202 clade;uncultured bacterium
odSpoOffi2.metagenome.1.primary|ctg21608l|18S|3190508-3191386	0.995	JX206715.1.1472	Bacteria;Actinobacteriota;Acidimicrobiia;Microtrichales;Microtrichaceae;Sva0996 marine group;uncultured bacterium
odSpoOffi2.metagenome.1.primary|ctg21614c|18S|3723031-3723912	0.995	JN655263.1.1521	Bacteria;Acidobacteriota;Vicinamibacteria;Subgroup 9;uncultured bacterium
odSpoOffi2.metagenome.1.primary|ctg21634c|18S|2397604-2398482	0.995	JQ612205.1.1480	Bacteria;Actinobacteriota;Acidimicrobiia;Microtrichales;Microtrichaceae;Sva0996 marine group;uncultured bacterium
odSpoOffi2.metagenome.1.primary|ctg21638c|18S|1697602-1698476	0.995	JQ612274.1.1516	Bacteria;Acidobacteriota;Vicinamibacteria;Vicinamibacterales;uncultured;uncultured bacterium
odSpoOffi2.metagenome.1.primary|ctg21646l|18S|856477-857351	0.995	HE985098.1.1542	Bacteria;Proteobacteria;Gammaproteobacteria;JTB23;uncultured bacterium
odSpoOffi2.metagenome.1.primary|ctg21651c|18S|1227796-1228644	0.995	FJ560485.9433.10941	Bacteria;Chloroflexi;Anaerolineae;Caldilineales;Caldilineaceae;uncultured;uncultured Chloroflexi bacterium 1i19
odSpoOffi2.metagenome.1.primary|ctg21651c|18S|1909086-1909934	0.995	FJ560485.9433.10941	Bacteria;Chloroflexi;Anaerolineae;Caldilineales;Caldilineaceae;uncultured;uncultured Chloroflexi bacterium 1i19
odSpoOffi2.metagenome.1.primary|ctg21656c|18S|1138790-1139638	0.995	FJ560485.9433.10941	Bacteria;Chloroflexi;Anaerolineae;Caldilineales;Caldilineaceae;uncultured;uncultured Chloroflexi bacterium 1i19
odSpoOffi2.metagenome.1.primary|ctg21656c|18S|1883675-1884522	0.995	FJ560485.9433.10941	Bacteria;Chloroflexi;Anaerolineae;Caldilineales;Caldilineaceae;uncultured;uncultured Chloroflexi bacterium 1i19
MAG_ENA_CBDBOD010000004_CBDBOD010000004.1|ENA|CBDBOD010000004|CBDBOD010000004.1|18S|4752605-4753480	0.994	JX280176.1.1477	Bacteria;Acidobacteriota;Vicinamibacteria;Vicinamibacterales;uncultured;uncultured bacterium
MAG_ENA_CBDBPK010000006_CBDBPK010000006.1|ENA|CBDBPK010000006|CBDBPK010000006.1|16S|41305-42802	0.994	HG423502.1.1423	Bacteria;Chloroflexi;Dehalococcoidia;SAR202 clade;uncultured bacterium
MAG_ENA_CBDBPK010000006_CBDBPK010000006.1|ENA|CBDBPK010000006|CBDBPK010000006.1|16S|41307-42795	0.994	HG423502.1.1423	Bacteria;Chloroflexi;Dehalococcoidia;SAR202 clade;uncultured bacterium
MAG_ENA_CBDBQL010000005_CBDBQL010000005.1|ENA|CBDBQL010000005|CBDBQL010000005.1|18S|1347303-1348184	0.994	JX280350.1.1483	Bacteria;Gemmatimonadota;BD2-11 terrestrial group;uncultured bacterium
MAG_ENA_OY759598_OY759598.1|ENA|OY759598|OY759598.1|16S|3975868-3977365	0.994	HG423502.1.1423	Bacteria;Chloroflexi;Dehalococcoidia;SAR202 clade;uncultured bacterium
MAG_ENA_OY759598_OY759598.1|ENA|OY759598|OY759598.1|16S|3975870-3977358	0.994	HG423502.1.1423	Bacteria;Chloroflexi;Dehalococcoidia;SAR202 clade;uncultured bacterium
MAG_ENA_OY760141_OY760141.1|ENA|OY760141|OY760141.1|18S|3181977-3182855	0.994	JX206600.1.1477	Bacteria;Actinobacteriota;Acidimicrobiia;Microtrichales;Microtrichaceae;Sva0996 marine group;uncultured bacterium
MAG_ENA_OY762226_OY762226.1|ENA|OY762226|OY762226.1|18S|2999114-2999989	0.994	JX280176.1.1477	Bacteria;Acidobacteriota;Vicinamibacteria;Vicinamibacterales;uncultured;uncultured bacterium
MAG_ENA_OY764222_OY764222.1|ENA|OY764222|OY764222.1|18S|2091553-2092412	0.994	JN655383.1.1447	Bacteria;Proteobacteria;Alphaproteobacteria;Rhodobacterales;Rhodobacteraceae;Albidovulum;uncultured bacterium
MAG_ENA_OZ242277_OZ242277.1|ENA|OZ242277|OZ242277.1|18S|2503054-2503935	0.994	JN655263.1.1521	Bacteria;Acidobacteriota;Vicinamibacteria;Subgroup 9;uncultured bacterium
MAG_ENA_OZ242279_OZ242279.1|ENA|OZ242279|OZ242279.1|18S|1697683-1698557	0.994	JQ612302.1.1516	Bacteria;Acidobacteriota;Vicinamibacteria;Vicinamibacterales;uncultured;uncultured bacterium
MAG_ENA_OZ242322_OZ242322.1|ENA|OZ242322|OZ242322.1|18S|2076076-2076960	0.994	JX280358.1.1477	Bacteria;Dadabacteria;Dadabacteriia;Dadabacteriales;uncultured bacterium
MAG_ENA_OZ242343_OZ242343.1|ENA|OZ242343|OZ242343.1|16S|436884-438418	0.994	JN655381.1.1497	Bacteria;Proteobacteria;Gammaproteobacteria;HOC36;uncultured bacterium
MAG_ENA_OZ242343_OZ242343.1|ENA|OZ242343|OZ242343.1|16S|436886-438409	0.994	JN655381.1.1497	Bacteria;Proteobacteria;Gammaproteobacteria;HOC36;uncultured bacterium
odSpoOffi2.metagenome.1.primary|ctg21621c|16S|3975868-3977365	0.994	HG423502.1.1423	Bacteria;Chloroflexi;Dehalococcoidia;SAR202 clade;uncultured bacterium
odSpoOffi2.metagenome.1.primary|ctg21621c|16S|3975870-3977358	0.994	HG423502.1.1423	Bacteria;Chloroflexi;Dehalococcoidia;SAR202 clade;uncultured bacterium
odSpoOffi2.metagenome.1.primary|ctg21662l|16S|5210438-5211944	0.994	JX206704.1.1511	Bacteria;Poribacteria;uncultured bacterium
odSpoOffi2.metagenome.1.primary|ctg21434l|18S|12641-13515	0.994	HE985098.1.1542	Bacteria;Proteobacteria;Gammaproteobacteria;JTB23;uncultured bacterium
odSpoOffi2.metagenome.1.primary|ctg21501l|18S|204904-205775	0.994	JX280351.1.1436	Bacteria;Proteobacteria;Alphaproteobacteria;Rhodospirillales;Magnetospiraceae;uncultured;uncultured bacterium
odSpoOffi2.metagenome.1.primary|ctg21591c|18S|2091553-2092412	0.994	JN655383.1.1447	Bacteria;Proteobacteria;Alphaproteobacteria;Rhodobacterales;Rhodobacteraceae;Albidovulum;uncultured bacterium
odSpoOffi2.metagenome.1.primary|ctg21606c|18S|3181977-3182855	0.994	JX206600.1.1477	Bacteria;Actinobacteriota;Acidimicrobiia;Microtrichales;Microtrichaceae;Sva0996 marine group;uncultured bacterium
odSpoOffi2.metagenome.1.primary|ctg21647c|18S|4003130-4004012	0.994	JX206581.1.1523	Bacteria;Acidobacteriota;Thermoanaerobaculia;Thermoanaerobaculales;Thermoanaerobaculaceae;Subgroup 10;uncultured bacterium
odSpoOffi2.metagenome.1.primary|ctg21663c|18S|2999114-2999989	0.994	JX280176.1.1477	Bacteria;Acidobacteriota;Vicinamibacteria;Vicinamibacterales;uncultured;uncultured bacterium
odSpoOffi2.metagenome.1.primary|ctg21671l|18S|5228106-5228981	0.994	EF076083.1.1472	Bacteria;Chloroflexi;Dehalococcoidia;SAR202 clade;uncultured Chloroflexi bacterium
MAG_ENA_CANDOD010000019_CANDOD010000019.1|ENA|CANDOD010000019|CANDOD010000019.1|16S|13-1560	0.993	ANFM02000053.15.1547	Bacteria;Proteobacteria;Gammaproteobacteria;Vibrionales;Vibrionaceae;Grimontia;Grimontia indica
MAG_ENA_CANDOD010000019_CANDOD010000019.1|ENA|CANDOD010000019|CANDOD010000019.1|16S|14-1519	0.993	ANFM02000053.15.1547	Bacteria;Proteobacteria;Gammaproteobacteria;Vibrionales;Vibrionaceae;Grimontia;Grimontia indica
MAG_ENA_CAXXVI010000002_CAXXVI010000002.1|ENA|CAXXVI010000002|CAXXVI010000002.1|16S|3722370-3723918	0.993	JN655263.1.1521	Bacteria;Acidobacteriota;Vicinamibacteria;Subgroup 9;uncultured bacterium
MAG_ENA_CBDBMN010000010_CBDBMN010000010.1|ENA|CBDBMN010000010|CBDBMN010000010.1|18S|1924198-1925073	0.993	JQ612302.1.1516	Bacteria;Acidobacteriota;Vicinamibacteria;Vicinamibacterales;uncultured;uncultured bacterium
MAG_ENA_CBDBNY010000004_CBDBNY010000004.1|ENA|CBDBNY010000004|CBDBNY010000004.1|16S|783396-784941	0.993	JX206739.1.1520	Bacteria;Gemmatimonadota;PAUC43f marine benthic group;uncultured bacterium
MAG_ENA_CBDBNY010000004_CBDBNY010000004.1|ENA|CBDBNY010000004|CBDBNY010000004.1|16S|783394-784950	0.993	JX206739.1.1520	Bacteria;Gemmatimonadota;PAUC43f marine benthic group;uncultured bacterium
MAG_ENA_CBDBOF010000002_CBDBOF010000002.1|ENA|CBDBOF010000002|CBDBOF010000002.1|18S|509597-510478	0.993	JX206703.1.1515	Bacteria;Myxococcota;bacteriap25;uncultured bacterium
MAG_ENA_LS999835_LS999835.1|ENA|LS999835|LS999835.1|18S|381192-382065	0.993	AB294974.1.1441	Bacteria;Proteobacteria;Alphaproteobacteria;Rhizobiales;Rhizobiaceae;Lentilitoribacter;uncultured Rhizobiales bacterium
MAG_ENA_OY759596_OY759596.1|ENA|OY759596|OY759596.1|18S|518586-519468	0.993	JQ612195.1.1480	Bacteria;Actinobacteriota;Acidimicrobiia;Microtrichales;Microtrichaceae;Sva0996 marine group;uncultured bacterium
MAG_ENA_OY761465_OY761465.1|ENA|OY761465|OY761465.1|16S|3392046-3393601	0.993	JN002381.1.1521	Bacteria;Myxococcota;bacteriap25;uncultured microorganism
MAG_ENA_OY761465_OY761465.1|ENA|OY761465|OY761465.1|16S|3392055-3393599	0.993	JN002381.1.1521	Bacteria;Myxococcota;bacteriap25;uncultured microorganism
MAG_ENA_OY761822_OY761822.1|ENA|OY761822|OY761822.1|16S|369686-371239	0.993	JX206590.1.1518	Bacteria;Proteobacteria;Gammaproteobacteria;EPR3968-O8a-Bc78;uncultured bacterium
MAG_ENA_OY761822_OY761822.1|ENA|OY761822|OY761822.1|16S|369688-371231	0.993	JX206590.1.1518	Bacteria;Proteobacteria;Gammaproteobacteria;EPR3968-O8a-Bc78;uncultured bacterium
MAG_ENA_OY762064_OY762064.1|ENA|OY762064|OY762064.1|18S|2133819-2134695	0.993	HQ270325.1.1505	Bacteria;Proteobacteria;Gammaproteobacteria;Steroidobacterales;Woeseiaceae;JTB255 marine benthic group;uncultured gamma proteobacterium
MAG_ENA_OY762926_OY762926.1|ENA|OY762926|OY762926.1|16S|756965-758521	0.993	AF186415.1.1521	Bacteria;Gemmatimonadota;PAUC43f marine benthic group;uncultured sponge symbiont PAUC43f
MAG_ENA_OY762926_OY762926.1|ENA|OY762926|OY762926.1|16S|756967-758512	0.993	AF186415.1.1521	Bacteria;Gemmatimonadota;PAUC43f marine benthic group;uncultured sponge symbiont PAUC43f
MAG_ENA_OZ223985_OZ223985.1|ENA|OZ223985|OZ223985.1|16S|3722370-3723918	0.993	JN655263.1.1521	Bacteria;Acidobacteriota;Vicinamibacteria;Subgroup 9;uncultured bacterium
MAG_ENA_OZ242322_OZ242322.1|ENA|OZ242322|OZ242322.1|16S|2075441-2076966	0.993	JX206684.1.1500	Bacteria;Dadabacteria;Dadabacteriia;Dadabacteriales;uncultured bacterium
MAG_ENA_OZ242322_OZ242322.1|ENA|OZ242322|OZ242322.1|16S|2075432-2076968	0.993	JX206684.1.1500	Bacteria;Dadabacteria;Dadabacteriia;Dadabacteriales;uncultured bacterium
MAG_ENA_OZ242339_OZ242339.1|ENA|OZ242339|OZ242339.1|18S|800216-801094	0.993	JX206600.1.1477	Bacteria;Actinobacteriota;Acidimicrobiia;Microtrichales;Microtrichaceae;Sva0996 marine group;uncultured bacterium
MAG_ENA_UNRE01000009_UNRE01000009.1|ENA|UNRE01000009|UNRE01000009.1|18S|2308-3184	0.993	AB167508.1.1433	Bacteria;Proteobacteria;Gammaproteobacteria;Alteromonadales;Psychromonadaceae;Agarivorans;Agarivorans sp. JAMB-A11
odSpoOffi2.metagenome.1.primary|ctg21555l|16S|580675-582208	0.993	JQ612262.1.1497	Bacteria;Nitrospirota;Nitrospiria;Nitrospirales;Nitrospiraceae;Nitrospira;uncultured bacterium
odSpoOffi2.metagenome.1.primary|ctg21619l|16S|756965-758521	0.993	AF186415.1.1521	Bacteria;Gemmatimonadota;PAUC43f marine benthic group;uncultured sponge symbiont PAUC43f
odSpoOffi2.metagenome.1.primary|ctg21626c|16S|3392046-3393601	0.993	JN002381.1.1521	Bacteria;Myxococcota;bacteriap25;uncultured microorganism
odSpoOffi2.metagenome.1.primary|ctg21634c|16S|2397596-2399110	0.993	JN002377.1.1482	Bacteria;Actinobacteriota;Acidimicrobiia;Microtrichales;Microtrichaceae;Sva0996 marine group;uncultured microorganism
odSpoOffi2.metagenome.1.primary|ctg21659c|16S|369686-371239	0.993	JX206590.1.1518	Bacteria;Proteobacteria;Gammaproteobacteria;EPR3968-O8a-Bc78;uncultured bacterium
odSpoOffi2.metagenome.1.primary|ctg17543l|16S|21887-23394	0.993	JX206704.1.1511	Bacteria;Poribacteria;uncultured bacterium
odSpoOffi2.metagenome.1.primary|ctg21555l|16S|580684-582206	0.993	JQ612262.1.1497	Bacteria;Nitrospirota;Nitrospiria;Nitrospirales;Nitrospiraceae;Nitrospira;uncultured bacterium
odSpoOffi2.metagenome.1.primary|ctg21614c|16S|3722370-3723918	0.993	JN655263.1.1521	Bacteria;Acidobacteriota;Vicinamibacteria;Subgroup 9;uncultured bacterium
odSpoOffi2.metagenome.1.primary|ctg21619l|16S|756967-758512	0.993	AF186415.1.1521	Bacteria;Gemmatimonadota;PAUC43f marine benthic group;uncultured sponge symbiont PAUC43f
odSpoOffi2.metagenome.1.primary|ctg21626c|16S|3392055-3393599	0.993	JN002381.1.1521	Bacteria;Myxococcota;bacteriap25;uncultured microorganism
odSpoOffi2.metagenome.1.primary|ctg21634c|16S|2397598-2399103	0.993	JN002377.1.1482	Bacteria;Actinobacteriota;Acidimicrobiia;Microtrichales;Microtrichaceae;Sva0996 marine group;uncultured microorganism
odSpoOffi2.metagenome.1.primary|ctg21659c|16S|369688-371231	0.993	JX206590.1.1518	Bacteria;Proteobacteria;Gammaproteobacteria;EPR3968-O8a-Bc78;uncultured bacterium
odSpoOffi2.metagenome.1.primary|ctg16150l|18S|416-1294	0.993	FJ900557.1.1478	Bacteria;Proteobacteria;Gammaproteobacteria;Nitrosococcales;Nitrosococcaceae;AqS1;uncultured bacterium
odSpoOffi2.metagenome.1.primary|ctg16972l|18S|5690-6571	0.993	JX206703.1.1515	Bacteria;Myxococcota;bacteriap25;uncultured bacterium
odSpoOffi2.metagenome.1.primary|ctg20056l|18S|16804-17683	0.993	FJ229925.1.1483	Bacteria;Actinobacteriota;Acidimicrobiia;Microtrichales;Microtrichaceae;Sva0996 marine group;uncultured actinobacterium
odSpoOffi2.metagenome.1.primary|ctg21408l|18S|274711-275607	0.993	JQ612248.1.1508	Bacteria;Proteobacteria;Gammaproteobacteria;JTB23;uncultured bacterium
odSpoOffi2.metagenome.1.primary|ctg21451l|18S|928743-929623	0.993	FJ229925.1.1483	Bacteria;Actinobacteriota;Acidimicrobiia;Microtrichales;Microtrichaceae;Sva0996 marine group;uncultured actinobacterium
odSpoOffi2.metagenome.1.primary|ctg21583l|18S|2133819-2134695	0.993	HQ270325.1.1505	Bacteria;Proteobacteria;Gammaproteobacteria;Steroidobacterales;Woeseiaceae;JTB255 marine benthic group;uncultured gamma proteobacterium
odSpoOffi2.metagenome.1.primary|ctg21616c|18S|518586-519468	0.993	JQ612195.1.1480	Bacteria;Actinobacteriota;Acidimicrobiia;Microtrichales;Microtrichaceae;Sva0996 marine group;uncultured bacterium
odSpoOffi2.metagenome.1.primary|ctg21665l|18S|3749678-3750552	0.993	JX280241.1.1466	Bacteria;Spirochaetota;Spirochaetia;Spirochaetales;Spirochaetaceae;Spirochaeta;uncultured bacterium
odSpoOffi2.metagenome.1.primary|ctg21674c|18S|830879-831756	0.993	JN126198.1.1505	Bacteria;Proteobacteria;Gammaproteobacteria;Nitrosococcales;Nitrosococcaceae;AqS1;uncultured bacterium
MAG_ENA_CAXXDJ010000002_CAXXDJ010000002.1|ENA|CAXXDJ010000002|CAXXDJ010000002.1|18S|773230-774105	0.992	JX206526.1.1464	Bacteria;Proteobacteria;Alphaproteobacteria;Puniceispirillales;EF100-94H03;uncultured bacterium
MAG_ENA_CAXXDJ010000002_CAXXDJ010000002.1|ENA|CAXXDJ010000002|CAXXDJ010000002.1|16S|772614-774113	0.992	JX206526.1.1464	Bacteria;Proteobacteria;Alphaproteobacteria;Puniceispirillales;EF100-94H03;uncultured bacterium
MAG_ENA_CAXXDJ010000002_CAXXDJ010000002.1|ENA|CAXXDJ010000002|CAXXDJ010000002.1|16S|772622-774111	0.992	JX206526.1.1464	Bacteria;Proteobacteria;Alphaproteobacteria;Puniceispirillales;EF100-94H03;uncultured bacterium
MAG_ENA_CAXXMO010000003_CAXXMO010000003.1|ENA|CAXXMO010000003|CAXXMO010000003.1|18S|858119-858997	0.992	JX206637.1.1461	Bacteria;Proteobacteria;Alphaproteobacteria;Kiloniellales;Kiloniellaceae;uncultured;uncultured bacterium
MAG_ENA_CAXXOI010000012_CAXXOI010000012.1|ENA|CAXXOI010000012|CAXXOI010000012.1|18S|33079-33955	0.992	JN126249.1.1462	Bacteria;Chloroflexi;Dehalococcoidia;SAR202 clade;uncultured bacterium
MAG_ENA_CAXXVU020000002_CAXXVU020000002.1|ENA|CAXXVU020000002|CAXXVU020000002.1|18S|2460071-2460946	0.992	JQ612302.1.1516	Bacteria;Acidobacteriota;Vicinamibacteria;Vicinamibacterales;uncultured;uncultured bacterium
MAG_ENA_CBDBLP010000002_CBDBLP010000002.1|ENA|CBDBLP010000002|CBDBLP010000002.1|16S|455064-456576	0.992	HG423491.1.1436	Bacteria;Proteobacteria;Alphaproteobacteria;Defluviicoccales;uncultured;uncultured bacterium
MAG_ENA_CBDBLP010000002_CBDBLP010000002.1|ENA|CBDBLP010000002|CBDBLP010000002.1|16S|455071-456574	0.992	HG423491.1.1436	Bacteria;Proteobacteria;Alphaproteobacteria;Defluviicoccales;uncultured;uncultured bacterium
MAG_ENA_OY759596_OY759596.1|ENA|OY759596|OY759596.1|16S|517963-519476	0.992	JQ612195.1.1480	Bacteria;Actinobacteriota;Acidimicrobiia;Microtrichales;Microtrichaceae;Sva0996 marine group;uncultured bacterium
MAG_ENA_OY759596_OY759596.1|ENA|OY759596|OY759596.1|16S|517970-519474	0.992	JQ612195.1.1480	Bacteria;Actinobacteriota;Acidimicrobiia;Microtrichales;Microtrichaceae;Sva0996 marine group;uncultured bacterium
MAG_ENA_OY759723_OY759723.1|ENA|OY759723|OY759723.1|16S|1227136-1228652	0.992	FJ560485.9433.10941	Bacteria;Chloroflexi;Anaerolineae;Caldilineales;Caldilineaceae;uncultured;uncultured Chloroflexi bacterium 1i19
MAG_ENA_OY759723_OY759723.1|ENA|OY759723|OY759723.1|16S|1227144-1228650	0.992	FJ560485.9433.10941	Bacteria;Chloroflexi;Anaerolineae;Caldilineales;Caldilineaceae;uncultured;uncultured Chloroflexi bacterium 1i19
MAG_ENA_OY759782_OY759782.1|ENA|OY759782|OY759782.1|18S|2460071-2460946	0.992	JQ612302.1.1516	Bacteria;Acidobacteriota;Vicinamibacteria;Vicinamibacterales;uncultured;uncultured bacterium
MAG_ENA_OY760141_OY760141.1|ENA|OY760141|OY760141.1|16S|3181969-3183481	0.992	FJ229953.1.1480	Bacteria;Actinobacteriota;Acidimicrobiia;Microtrichales;Microtrichaceae;Sva0996 marine group;uncultured actinobacterium
MAG_ENA_OY760141_OY760141.1|ENA|OY760141|OY760141.1|16S|3181971-3183473	0.992	FJ229953.1.1480	Bacteria;Actinobacteriota;Acidimicrobiia;Microtrichales;Microtrichaceae;Sva0996 marine group;uncultured actinobacterium
MAG_ENA_OY760965_OY760965.1|ENA|OY760965|OY760965.1|18S|33079-33955	0.992	JN126249.1.1462	Bacteria;Chloroflexi;Dehalococcoidia;SAR202 clade;uncultured bacterium
MAG_ENA_OY761822_OY761822.1|ENA|OY761822|OY761822.1|18S|369694-370571	0.992	JX206640.1.1518	Bacteria;Proteobacteria;Gammaproteobacteria;EPR3968-O8a-Bc78;uncultured bacterium
MAG_ENA_OY762464_OY762464.1|ENA|OY762464|OY762464.1|18S|144930-145808	0.992	FJ229954.1.1479	Bacteria;Actinobacteriota;Acidimicrobiia;Actinomarinales;uncultured;uncultured actinobacterium
MAG_ENA_OY764028_OY764028.1|ENA|OY764028|OY764028.1|18S|858119-858997	0.992	JX206637.1.1461	Bacteria;Proteobacteria;Alphaproteobacteria;Kiloniellales;Kiloniellaceae;uncultured;uncultured bacterium
MAG_ENA_OY764161_OY764161.1|ENA|OY764161|OY764161.1|18S|773230-774105	0.992	JX206526.1.1464	Bacteria;Proteobacteria;Alphaproteobacteria;Puniceispirillales;EF100-94H03;uncultured bacterium
MAG_ENA_OY764161_OY764161.1|ENA|OY764161|OY764161.1|16S|772614-774113	0.992	JX206526.1.1464	Bacteria;Proteobacteria;Alphaproteobacteria;Puniceispirillales;EF100-94H03;uncultured bacterium
MAG_ENA_OY764161_OY764161.1|ENA|OY764161|OY764161.1|16S|772622-774111	0.992	JX206526.1.1464	Bacteria;Proteobacteria;Alphaproteobacteria;Puniceispirillales;EF100-94H03;uncultured bacterium
MAG_ENA_OY764869_OY764869.1|ENA|OY764869|OY764869.1|18S|1676013-1676888	0.992	HE817868.1.1506	Bacteria;Chloroflexi;Dehalococcoidia;SAR202 clade;uncultured bacterium
MAG_ENA_OZ224043_OZ224043.1|ENA|OZ224043|OZ224043.1|18S|858119-858997	0.992	JX206637.1.1461	Bacteria;Proteobacteria;Alphaproteobacteria;Kiloniellales;Kiloniellaceae;uncultured;uncultured bacterium
MAG_ENA_OZ242281_OZ242281.1|ENA|OZ242281|OZ242281.1|18S|2517941-2518799	0.992	FJ481340.1.1465	Bacteria;Chloroflexi;TK17;uncultured Chloroflexus sp.
MAG_ENA_OZ242300_OZ242300.1|ENA|OZ242300|OZ242300.1|18S|2434675-2435553	0.992	JX206637.1.1461	Bacteria;Proteobacteria;Alphaproteobacteria;Kiloniellales;Kiloniellaceae;uncultured;uncultured bacterium
MAG_ENA_OZ242363_OZ242363.1|ENA|OZ242363|OZ242363.1|18S|850024-850903	0.992	FJ229925.1.1483	Bacteria;Actinobacteriota;Acidimicrobiia;Microtrichales;Microtrichaceae;Sva0996 marine group;uncultured actinobacterium
MAG_ENA_UNRA01000005_UNRA01000005.1|ENA|UNRA01000005|UNRA01000005.1|16S|272647-274105	0.992	FWFO01000011.4144.5602	Bacteria;Proteobacteria;Alphaproteobacteria;Rhodobacterales;Rhodobacteraceae;Tropicibacter;Tropicibacter litoreus R37
MAG_ENA_UNRA01000005_UNRA01000005.1|ENA|UNRA01000005|UNRA01000005.1|16S|272656-274103	0.992	FWFO01000011.4144.5602	Bacteria;Proteobacteria;Alphaproteobacteria;Rhodobacterales;Rhodobacteraceae;Tropicibacter;Tropicibacter litoreus R37
odSpoOffi2.metagenome.1.primary|ctg21383l|16S|772614-774113	0.992	JX206526.1.1464	Bacteria;Proteobacteria;Alphaproteobacteria;Puniceispirillales;EF100-94H03;uncultured bacterium
odSpoOffi2.metagenome.1.primary|ctg21606c|16S|3181969-3183481	0.992	FJ229953.1.1480	Bacteria;Actinobacteriota;Acidimicrobiia;Microtrichales;Microtrichaceae;Sva0996 marine group;uncultured actinobacterium
odSpoOffi2.metagenome.1.primary|ctg21616c|16S|517963-519476	0.992	JQ612195.1.1480	Bacteria;Actinobacteriota;Acidimicrobiia;Microtrichales;Microtrichaceae;Sva0996 marine group;uncultured bacterium
odSpoOffi2.metagenome.1.primary|ctg21651c|16S|1227136-1228652	0.992	FJ560485.9433.10941	Bacteria;Chloroflexi;Anaerolineae;Caldilineales;Caldilineaceae;uncultured;uncultured Chloroflexi bacterium 1i19
odSpoOffi2.metagenome.1.primary|ctg21662l|16S|5210436-5211982	0.992	JX206704.1.1511	Bacteria;Poribacteria;uncultured bacterium
odSpoOffi2.metagenome.1.primary|ctg18042l|16S|8870-9509	0.992	AF246616.1.1800	Eukaryota;Amorphea;Obazoa;Opisthokonta;Holozoa;Choanozoa;Metazoa;Porifera;Demospongiae;Dictyoceratida;Hippospongia communis (horse sponge)
odSpoOffi2.metagenome.1.primary|ctg18042l|16S|19113-19752	0.992	AF246616.1.1800	Eukaryota;Amorphea;Obazoa;Opisthokonta;Holozoa;Choanozoa;Metazoa;Porifera;Demospongiae;Dictyoceratida;Hippospongia communis (horse sponge)
odSpoOffi2.metagenome.1.primary|ctg18042l|16S|29363-30002	0.992	AF246616.1.1800	Eukaryota;Amorphea;Obazoa;Opisthokonta;Holozoa;Choanozoa;Metazoa;Porifera;Demospongiae;Dictyoceratida;Hippospongia communis (horse sponge)
odSpoOffi2.metagenome.1.primary|ctg21383l|16S|772622-774111	0.992	JX206526.1.1464	Bacteria;Proteobacteria;Alphaproteobacteria;Puniceispirillales;EF100-94H03;uncultured bacterium
odSpoOffi2.metagenome.1.primary|ctg21606c|16S|3181971-3183473	0.992	FJ229953.1.1480	Bacteria;Actinobacteriota;Acidimicrobiia;Microtrichales;Microtrichaceae;Sva0996 marine group;uncultured actinobacterium
odSpoOffi2.metagenome.1.primary|ctg21616c|16S|517970-519474	0.992	JQ612195.1.1480	Bacteria;Actinobacteriota;Acidimicrobiia;Microtrichales;Microtrichaceae;Sva0996 marine group;uncultured bacterium
odSpoOffi2.metagenome.1.primary|ctg21635l|16S|4967-5606	0.992	AF246616.1.1800	Eukaryota;Amorphea;Obazoa;Opisthokonta;Holozoa;Choanozoa;Metazoa;Porifera;Demospongiae;Dictyoceratida;Hippospongia communis (horse sponge)
odSpoOffi2.metagenome.1.primary|ctg21651c|16S|1227144-1228650	0.992	FJ560485.9433.10941	Bacteria;Chloroflexi;Anaerolineae;Caldilineales;Caldilineaceae;uncultured;uncultured Chloroflexi bacterium 1i19
odSpoOffi2.metagenome.1.primary|ctg21675c|16S|5943468-5944996	0.992	JX280259.1.1464	Bacteria;Proteobacteria;Gammaproteobacteria;Nitrosococcales;Nitrosococcaceae;AqS1;uncultured bacterium
odSpoOffi2.metagenome.1.primary|ctg20417l|18S|33079-33955	0.992	JN126249.1.1462	Bacteria;Chloroflexi;Dehalococcoidia;SAR202 clade;uncultured bacterium
odSpoOffi2.metagenome.1.primary|ctg20948l|18S|122340-123218	0.992	JN126055.1.1509	Bacteria;Proteobacteria;Gammaproteobacteria;Nitrosococcales;Nitrosococcaceae;AqS1;uncultured bacterium
odSpoOffi2.metagenome.1.primary|ctg21260l|18S|363234-364111	0.992	HE817831.1.1534	Bacteria;Proteobacteria;Gammaproteobacteria;Nitrosococcales;Nitrosococcaceae;FS142-36B-02;uncultured bacterium
odSpoOffi2.metagenome.1.primary|ctg21383l|18S|773230-774105	0.992	JX206526.1.1464	Bacteria;Proteobacteria;Alphaproteobacteria;Puniceispirillales;EF100-94H03;uncultured bacterium
odSpoOffi2.metagenome.1.primary|ctg21505c|18S|858119-858997	0.992	JX206637.1.1461	Bacteria;Proteobacteria;Alphaproteobacteria;Kiloniellales;Kiloniellaceae;uncultured;uncultured bacterium
odSpoOffi2.metagenome.1.primary|ctg21561l|18S|1647952-1648830	0.992	KM389592.1.1462	Bacteria;Proteobacteria;Gammaproteobacteria;Nitrosococcales;Nitrosococcaceae;AqS1;uncultured bacterium
odSpoOffi2.metagenome.1.primary|ctg21580c|18S|144930-145808	0.992	FJ229954.1.1479	Bacteria;Actinobacteriota;Acidimicrobiia;Actinomarinales;uncultured;uncultured actinobacterium
odSpoOffi2.metagenome.1.primary|ctg21610c|18S|1676013-1676888	0.992	HE817868.1.1506	Bacteria;Chloroflexi;Dehalococcoidia;SAR202 clade;uncultured bacterium
odSpoOffi2.metagenome.1.primary|ctg21659c|18S|369694-370571	0.992	JX206640.1.1518	Bacteria;Proteobacteria;Gammaproteobacteria;EPR3968-O8a-Bc78;uncultured bacterium
odSpoOffi2.metagenome.1.primary|ctg21666c|18S|517742-518620	0.992	HE985094.1.1552	Bacteria;PAUC34f;uncultured bacterium
odSpoOffi2.metagenome.1.primary|ctg21672l|18S|2460071-2460946	0.992	JQ612302.1.1516	Bacteria;Acidobacteriota;Vicinamibacteria;Vicinamibacterales;uncultured;uncultured bacterium
MAG_ENA_CAXXDW010000006_CAXXDW010000006.1|ENA|CAXXDW010000006|CAXXDW010000006.1|18S|1139949-1140825	0.991	FJ900559.1.1484	Bacteria;Proteobacteria;Gammaproteobacteria;EPR3968-O8a-Bc78;uncultured bacterium
MAG_ENA_CAXXMO010000003_CAXXMO010000003.1|ENA|CAXXMO010000003|CAXXMO010000003.1|16S|858111-859606	0.991	JX206637.1.1461	Bacteria;Proteobacteria;Alphaproteobacteria;Kiloniellales;Kiloniellaceae;uncultured;uncultured bacterium
MAG_ENA_CAXXMO010000003_CAXXMO010000003.1|ENA|CAXXMO010000003|CAXXMO010000003.1|16S|858113-859599	0.991	JX206637.1.1461	Bacteria;Proteobacteria;Alphaproteobacteria;Kiloniellales;Kiloniellaceae;uncultured;uncultured bacterium
MAG_ENA_CAXXVI010000002_CAXXVI010000002.1|ENA|CAXXVI010000002|CAXXVI010000002.1|16S|3722362-3723920	0.991	JN655263.1.1521	Bacteria;Acidobacteriota;Vicinamibacteria;Subgroup 9;uncultured bacterium
MAG_ENA_CBDBNU010000001_CBDBNU010000001.1|ENA|CBDBNU010000001|CBDBNU010000001.1|18S|26372-27246	0.991	FJ481272.1.1434	Bacteria;Chloroflexi;Dehalococcoidia;SAR202 clade;uncultured Chloroflexus sp.
MAG_ENA_CBDBOD010000004_CBDBOD010000004.1|ENA|CBDBOD010000004|CBDBOD010000004.1|16S|4752599-4754140	0.991	JX280176.1.1477	Bacteria;Acidobacteriota;Vicinamibacteria;Vicinamibacterales;uncultured;uncultured bacterium
MAG_ENA_CBDBOF010000002_CBDBOF010000002.1|ENA|CBDBOF010000002|CBDBOF010000002.1|16S|508936-510486	0.991	JX206703.1.1515	Bacteria;Myxococcota;bacteriap25;uncultured bacterium
MAG_ENA_CBDBOF010000002_CBDBOF010000002.1|ENA|CBDBOF010000002|CBDBOF010000002.1|16S|508944-510484	0.991	JX206703.1.1515	Bacteria;Myxococcota;bacteriap25;uncultured bacterium
MAG_ENA_CBDBQH010000003_CBDBQH010000003.1|ENA|CBDBQH010000003|CBDBQH010000003.1|18S|686909-687794	0.991	HQ270261.1.1521	Bacteria;Proteobacteria;Gammaproteobacteria;UBA10353 marine group;uncultured gamma proteobacterium
MAG_ENA_OY761542_OY761542.1|ENA|OY761542|OY761542.1|18S|540820-541696	0.991	HE817844.1.1465	Bacteria;Proteobacteria;Gammaproteobacteria;KI89A clade;uncultured bacterium
MAG_ENA_OY762064_OY762064.1|ENA|OY762064|OY762064.1|16S|2133166-2134703	0.991	JX206665.1.1501	Bacteria;Proteobacteria;Gammaproteobacteria;Steroidobacterales;Woeseiaceae;JTB255 marine benthic group;uncultured bacterium
MAG_ENA_OY762064_OY762064.1|ENA|OY762064|OY762064.1|16S|2133175-2134701	0.991	JX206665.1.1501	Bacteria;Proteobacteria;Gammaproteobacteria;Steroidobacterales;Woeseiaceae;JTB255 marine benthic group;uncultured bacterium
MAG_ENA_OY762226_OY762226.1|ENA|OY762226|OY762226.1|16S|2998454-2999995	0.991	JX280176.1.1477	Bacteria;Acidobacteriota;Vicinamibacteria;Vicinamibacterales;uncultured;uncultured bacterium
MAG_ENA_OY762404_OY762404.1|ENA|OY762404|OY762404.1|18S|1139949-1140825	0.991	FJ900559.1.1484	Bacteria;Proteobacteria;Gammaproteobacteria;EPR3968-O8a-Bc78;uncultured bacterium
MAG_ENA_OY763326_OY763326.1|ENA|OY763326|OY763326.1|18S|307598-308477	0.991	HE817825.1.1493	Bacteria;Proteobacteria;Alphaproteobacteria;Defluviicoccales;uncultured;uncultured bacterium
MAG_ENA_OY764028_OY764028.1|ENA|OY764028|OY764028.1|16S|858111-859606	0.991	JX206637.1.1461	Bacteria;Proteobacteria;Alphaproteobacteria;Kiloniellales;Kiloniellaceae;uncultured;uncultured bacterium
MAG_ENA_OY764028_OY764028.1|ENA|OY764028|OY764028.1|16S|858113-859599	0.991	JX206637.1.1461	Bacteria;Proteobacteria;Alphaproteobacteria;Kiloniellales;Kiloniellaceae;uncultured;uncultured bacterium
MAG_ENA_OZ223985_OZ223985.1|ENA|OZ223985|OZ223985.1|16S|3722362-3723920	0.991	JN655263.1.1521	Bacteria;Acidobacteriota;Vicinamibacteria;Subgroup 9;uncultured bacterium
MAG_ENA_OZ224043_OZ224043.1|ENA|OZ224043|OZ224043.1|16S|858111-859606	0.991	JX206637.1.1461	Bacteria;Proteobacteria;Alphaproteobacteria;Kiloniellales;Kiloniellaceae;uncultured;uncultured bacterium
MAG_ENA_OZ224043_OZ224043.1|ENA|OZ224043|OZ224043.1|16S|858113-859599	0.991	JX206637.1.1461	Bacteria;Proteobacteria;Alphaproteobacteria;Kiloniellales;Kiloniellaceae;uncultured;uncultured bacterium
MAG_ENA_OZ242300_OZ242300.1|ENA|OZ242300|OZ242300.1|16S|2434066-2435561	0.991	JX206637.1.1461	Bacteria;Proteobacteria;Alphaproteobacteria;Kiloniellales;Kiloniellaceae;uncultured;uncultured bacterium
MAG_ENA_OZ242300_OZ242300.1|ENA|OZ242300|OZ242300.1|16S|2434073-2435559	0.991	JX206637.1.1461	Bacteria;Proteobacteria;Alphaproteobacteria;Kiloniellales;Kiloniellaceae;uncultured;uncultured bacterium
MAG_ENA_OZ242316_OZ242316.1|ENA|OZ242316|OZ242316.1|16S|953985-955484	0.991	JX206654.1.1464	Bacteria;Chloroflexi;Anaerolineae;SBR1031;A4b;uncultured bacterium
MAG_ENA_OZ242316_OZ242316.1|ENA|OZ242316|OZ242316.1|16S|953994-955482	0.991	JX206654.1.1464	Bacteria;Chloroflexi;Anaerolineae;SBR1031;A4b;uncultured bacterium
MAG_ENA_OZ242316_OZ242316.1|ENA|OZ242316|OZ242316.1|16S|2204648-2206147	0.991	JX206654.1.1464	Bacteria;Chloroflexi;Anaerolineae;SBR1031;A4b;uncultured bacterium
MAG_ENA_OZ242316_OZ242316.1|ENA|OZ242316|OZ242316.1|16S|2204650-2206138	0.991	JX206654.1.1464	Bacteria;Chloroflexi;Anaerolineae;SBR1031;A4b;uncultured bacterium
MAG_ENA_OZ242337_OZ242337.1|ENA|OZ242337|OZ242337.1|16S|3130839-3132352	0.991	JQ612195.1.1480	Bacteria;Actinobacteriota;Acidimicrobiia;Microtrichales;Microtrichaceae;Sva0996 marine group;uncultured bacterium
MAG_ENA_OZ242337_OZ242337.1|ENA|OZ242337|OZ242337.1|16S|3130846-3132350	0.991	JQ612195.1.1480	Bacteria;Actinobacteriota;Acidimicrobiia;Microtrichales;Microtrichaceae;Sva0996 marine group;uncultured bacterium
MAG_ENA_OZ242339_OZ242339.1|ENA|OZ242339|OZ242339.1|16S|799590-801102	0.991	JX206600.1.1477	Bacteria;Actinobacteriota;Acidimicrobiia;Microtrichales;Microtrichaceae;Sva0996 marine group;uncultured bacterium
MAG_ENA_OZ242339_OZ242339.1|ENA|OZ242339|OZ242339.1|16S|799598-801100	0.991	JX206600.1.1477	Bacteria;Actinobacteriota;Acidimicrobiia;Microtrichales;Microtrichaceae;Sva0996 marine group;uncultured bacterium
odSpoOffi2.metagenome.1.primary|ctg16972l|16S|5029-6579	0.991	JX206694.1.1515	Bacteria;Myxococcota;bacteriap25;uncultured bacterium
odSpoOffi2.metagenome.1.primary|ctg17543l|16S|21849-23396	0.991	JX206704.1.1511	Bacteria;Poribacteria;uncultured bacterium
odSpoOffi2.metagenome.1.primary|ctg21400l|16S|375021-376533	0.991	HG423491.1.1436	Bacteria;Proteobacteria;Alphaproteobacteria;Defluviicoccales;uncultured;uncultured bacterium
odSpoOffi2.metagenome.1.primary|ctg21505c|16S|858111-859606	0.991	JX206637.1.1461	Bacteria;Proteobacteria;Alphaproteobacteria;Kiloniellales;Kiloniellaceae;uncultured;uncultured bacterium
odSpoOffi2.metagenome.1.primary|ctg21583l|16S|2133166-2134703	0.991	JX206665.1.1501	Bacteria;Proteobacteria;Gammaproteobacteria;Steroidobacterales;Woeseiaceae;JTB255 marine benthic group;uncultured bacterium
odSpoOffi2.metagenome.1.primary|ctg21614c|16S|3722362-3723920	0.991	JN655263.1.1521	Bacteria;Acidobacteriota;Vicinamibacteria;Subgroup 9;uncultured bacterium
odSpoOffi2.metagenome.1.primary|ctg21628c|16S|2296405-2297919	0.991	JQ612228.1.1482	Bacteria;Actinobacteriota;Acidimicrobiia;Microtrichales;Microtrichaceae;Sva0996 marine group;uncultured bacterium
odSpoOffi2.metagenome.1.primary|ctg16972l|16S|5037-6577	0.991	JX206694.1.1515	Bacteria;Myxococcota;bacteriap25;uncultured bacterium
odSpoOffi2.metagenome.1.primary|ctg21400l|16S|375023-376526	0.991	HG423491.1.1436	Bacteria;Proteobacteria;Alphaproteobacteria;Defluviicoccales;uncultured;uncultured bacterium
odSpoOffi2.metagenome.1.primary|ctg21505c|16S|858113-859599	0.991	JX206637.1.1461	Bacteria;Proteobacteria;Alphaproteobacteria;Kiloniellales;Kiloniellaceae;uncultured;uncultured bacterium
odSpoOffi2.metagenome.1.primary|ctg21583l|16S|2133175-2134701	0.991	JX206665.1.1501	Bacteria;Proteobacteria;Gammaproteobacteria;Steroidobacterales;Woeseiaceae;JTB255 marine benthic group;uncultured bacterium
odSpoOffi2.metagenome.1.primary|ctg21628c|16S|2296412-2297917	0.991	JQ612228.1.1482	Bacteria;Actinobacteriota;Acidimicrobiia;Microtrichales;Microtrichaceae;Sva0996 marine group;uncultured bacterium
odSpoOffi2.metagenome.1.primary|ctg21663c|16S|2998454-2999995	0.991	JX280176.1.1477	Bacteria;Acidobacteriota;Vicinamibacteria;Vicinamibacterales;uncultured;uncultured bacterium
odSpoOffi2.metagenome.1.primary|ctg21385l|18S|470427-471305	0.991	JN126055.1.1509	Bacteria;Proteobacteria;Gammaproteobacteria;Nitrosococcales;Nitrosococcaceae;AqS1;uncultured bacterium
odSpoOffi2.metagenome.1.primary|ctg21488l|18S|1139949-1140825	0.991	FJ900559.1.1484	Bacteria;Proteobacteria;Gammaproteobacteria;EPR3968-O8a-Bc78;uncultured bacterium
odSpoOffi2.metagenome.1.primary|ctg21548l|18S|850420-851297	0.991	JQ612270.1.1506	Bacteria;Proteobacteria;Gammaproteobacteria;Nitrosococcales;Nitrosococcaceae;AqS1;uncultured bacterium
odSpoOffi2.metagenome.1.primary|ctg21649c|18S|540820-541696	0.991	HE817844.1.1465	Bacteria;Proteobacteria;Gammaproteobacteria;KI89A clade;uncultured bacterium
odSpoOffi2.metagenome.1.primary|ctg21654c|18S|307598-308477	0.991	HE817825.1.1493	Bacteria;Proteobacteria;Alphaproteobacteria;Defluviicoccales;uncultured;uncultured bacterium
MAG_ENA_CAXXKM010000003_CAXXKM010000003.1|ENA|CAXXKM010000003|CAXXKM010000003.1|18S|84558-85437	0.990	HQ270217.1.1525	Bacteria;Gemmatimonadota;BD2-11 terrestrial group;uncultured bacterium
MAG_ENA_CBDBNI010000009_CBDBNI010000009.1|ENA|CBDBNI010000009|CBDBNI010000009.1|18S|419274-420152	0.990	FJ229954.1.1479	Bacteria;Actinobacteriota;Acidimicrobiia;Actinomarinales;uncultured;uncultured actinobacterium
MAG_ENA_FKJK01000010_FKJK01000010.1|ENA|FKJK01000010|FKJK01000010.1|16S|177014-177513	0.990	GQ866083.1.1501	Bacteria;Proteobacteria;Gammaproteobacteria;Alteromonadales;Shewanellaceae;Shewanella;uncultured bacterium
MAG_ENA_LS999835_LS999835.1|ENA|LS999835|LS999835.1|16S|380589-382073	0.990	KX177058.1.1452	Bacteria;Proteobacteria;Alphaproteobacteria;Rhizobiales;Rhizobiaceae;Lentilitoribacter;uncultured bacterium
MAG_ENA_LS999835_LS999835.1|ENA|LS999835|LS999835.1|16S|380598-382071	0.990	KX177058.1.1452	Bacteria;Proteobacteria;Alphaproteobacteria;Rhizobiales;Rhizobiaceae;Lentilitoribacter;uncultured bacterium
MAG_ENA_OY759747_OY759747.1|ENA|OY759747|OY759747.1|18S|3329485-3330357	0.990	JX280174.1.1479	Bacteria;Spirochaetota;Spirochaetia;Spirochaetales;Spirochaetaceae;Spirochaeta;uncultured bacterium
MAG_ENA_OY761448_OY761448.1|ENA|OY761448|OY761448.1|18S|84558-85437	0.990	HQ270217.1.1525	Bacteria;Gemmatimonadota;BD2-11 terrestrial group;uncultured bacterium
MAG_ENA_OZ242285_OZ242285.1|ENA|OZ242285|OZ242285.1|18S|2139965-2140844	0.990	HE817825.1.1493	Bacteria;Proteobacteria;Alphaproteobacteria;Defluviicoccales;uncultured;uncultured bacterium
MAG_ENA_OZ242291_OZ242291.1|ENA|OZ242291|OZ242291.1|18S|1182288-1183149	0.990	JX280333.1.1422	Bacteria;Chloroflexi;TK30;uncultured bacterium
MAG_ENA_OZ242285_OZ242285.1|ENA|OZ242285|OZ242285.1|16S|2139356-2140852	0.990	HE817825.1.1493	Bacteria;Proteobacteria;Alphaproteobacteria;Defluviicoccales;uncultured;uncultured bacterium
MAG_ENA_OZ242285_OZ242285.1|ENA|OZ242285|OZ242285.1|16S|2139364-2140850	0.990	HE817825.1.1493	Bacteria;Proteobacteria;Alphaproteobacteria;Defluviicoccales;uncultured;uncultured bacterium
MAG_ENA_OZ242328_OZ242328.1|ENA|OZ242328|OZ242328.1|18S|4878010-4878891	0.990	HF912448.1.1518	Bacteria;Gemmatimonadota;BD2-11 terrestrial group;Sulfitobacter sp. Gp-4-5.2.1-voll
odSpoOffi2.metagenome.1.primary|ctg14701l|16S|12448-13363	0.990	JN596700.1.1506	Bacteria;Verrucomicrobiota;Verrucomicrobiae;Opitutales;Puniceicoccaceae;Cerasicoccus;uncultured Verrucomicrobium sp.
odSpoOffi2.metagenome.1.primary|ctg21408l|16S|274704-276246	0.990	JN655324.1.1507	Bacteria;Proteobacteria;Gammaproteobacteria;JTB23;uncultured bacterium
odSpoOffi2.metagenome.1.primary|ctg14701l|16S|12457-13363	0.990	JN596700.1.1506	Bacteria;Verrucomicrobiota;Verrucomicrobiae;Opitutales;Puniceicoccaceae;Cerasicoccus;uncultured Verrucomicrobium sp.
odSpoOffi2.metagenome.1.primary|ctg21408l|16S|274705-276238	0.990	JN655324.1.1507	Bacteria;Proteobacteria;Gammaproteobacteria;JTB23;uncultured bacterium
odSpoOffi2.metagenome.1.primary|ctg21520l|18S|84558-85437	0.990	HQ270217.1.1525	Bacteria;Gemmatimonadota;BD2-11 terrestrial group;uncultured bacterium
odSpoOffi2.metagenome.1.primary|ctg21668c|18S|3329485-3330357	0.990	JX280174.1.1479	Bacteria;Spirochaetota;Spirochaetia;Spirochaetales;Spirochaetaceae;Spirochaeta;uncultured bacterium
MAG_ENA_CAXXEU010000002_CAXXEU010000002.1|ENA|CAXXEU010000002|CAXXEU010000002.1|18S|3338961-3339839	0.989	AQPC01000005.6220.7741	Bacteria;Poribacteria;Candidatus Poribacteria sp. WGA-4G
MAG_ENA_CAXXON010000003_CAXXON010000003.1|ENA|CAXXON010000003|CAXXON010000003.1|18S|1476560-1477436	0.989	JN126249.1.1462	Bacteria;Chloroflexi;Dehalococcoidia;SAR202 clade;uncultured bacterium
MAG_ENA_CAXXRU010000002_CAXXRU010000002.1|ENA|CAXXRU010000002|CAXXRU010000002.1|16S|595979-597531	0.989	JX206700.1.1518	Bacteria;Proteobacteria;Gammaproteobacteria;UBA10353 marine group;uncultured bacterium
MAG_ENA_CAXXRU010000002_CAXXRU010000002.1|ENA|CAXXRU010000002|CAXXRU010000002.1|16S|595987-597530	0.989	JX206700.1.1518	Bacteria;Proteobacteria;Gammaproteobacteria;UBA10353 marine group;uncultured bacterium
MAG_ENA_CBDBMQ010000033_CBDBMQ010000033.1|ENA|CBDBMQ010000033|CBDBMQ010000033.1|16S|81126-82650	0.989	JN655257.1.1491	Bacteria;Bacteroidota;Rhodothermia;Rhodothermales;Rhodothermaceae;uncultured;uncultured bacterium
MAG_ENA_CBDBMQ010000033_CBDBMQ010000033.1|ENA|CBDBMQ010000033|CBDBMQ010000033.1|16S|81134-82650	0.989	JN655257.1.1491	Bacteria;Bacteroidota;Rhodothermia;Rhodothermales;Rhodothermaceae;uncultured;uncultured bacterium
MAG_ENA_CBDBQH010000003_CBDBQH010000003.1|ENA|CBDBQH010000003|CBDBQH010000003.1|16S|686902-688455	0.989	JX206700.1.1518	Bacteria;Proteobacteria;Gammaproteobacteria;UBA10353 marine group;uncultured bacterium
MAG_ENA_CBDBQH010000003_CBDBQH010000003.1|ENA|CBDBQH010000003|CBDBQH010000003.1|16S|686903-688447	0.989	JX206700.1.1518	Bacteria;Proteobacteria;Gammaproteobacteria;UBA10353 marine group;uncultured bacterium
MAG_ENA_OY759976_OY759976.1|ENA|OY759976|OY759976.1|18S|3338961-3339839	0.989	AQPC01000005.6220.7741	Bacteria;Poribacteria;Candidatus Poribacteria sp. WGA-4G
MAG_ENA_OY762210_OY762210.1|ENA|OY762210|OY762210.1|16S|3539992-3541476	0.989	FJ900344.1.1423	Bacteria;Chloroflexi;Dehalococcoidia;SAR202 clade;uncultured bacterium
MAG_ENA_OY762464_OY762464.1|ENA|OY762464|OY762464.1|16S|144922-146433	0.989	FJ229954.1.1479	Bacteria;Actinobacteriota;Acidimicrobiia;Actinomarinales;uncultured;uncultured actinobacterium
MAG_ENA_OY762538_OY762538.1|ENA|OY762538|OY762538.1|18S|2675283-2676144	0.989	JX280333.1.1422	Bacteria;Chloroflexi;TK30;uncultured bacterium
MAG_ENA_OY763326_OY763326.1|ENA|OY763326|OY763326.1|16S|307590-309086	0.989	HE817825.1.1493	Bacteria;Proteobacteria;Alphaproteobacteria;Defluviicoccales;uncultured;uncultured bacterium
MAG_ENA_OY763326_OY763326.1|ENA|OY763326|OY763326.1|16S|307592-309078	0.989	HE817825.1.1493	Bacteria;Proteobacteria;Alphaproteobacteria;Defluviicoccales;uncultured;uncultured bacterium
MAG_ENA_OY763948_OY763948.1|ENA|OY763948|OY763948.1|18S|1476560-1477436	0.989	JN126249.1.1462	Bacteria;Chloroflexi;Dehalococcoidia;SAR202 clade;uncultured bacterium
MAG_ENA_OY764083_OY764083.1|ENA|OY764083|OY764083.1|16S|656231-657746	0.989	FJ269336.1.1484	Bacteria;Acidobacteriota;Subgroup 21;uncultured Acidobacteria bacterium
MAG_ENA_OY764083_OY764083.1|ENA|OY764083|OY764083.1|16S|656238-657744	0.989	FJ269336.1.1484	Bacteria;Acidobacteriota;Subgroup 21;uncultured Acidobacteria bacterium
MAG_ENA_OY764194_OY764194.1|ENA|OY764194|OY764194.1|16S|595979-597531	0.989	JX206700.1.1518	Bacteria;Proteobacteria;Gammaproteobacteria;UBA10353 marine group;uncultured bacterium
MAG_ENA_OY764194_OY764194.1|ENA|OY764194|OY764194.1|16S|595987-597530	0.989	JX206700.1.1518	Bacteria;Proteobacteria;Gammaproteobacteria;UBA10353 marine group;uncultured bacterium
MAG_ENA_OZ242277_OZ242277.1|ENA|OZ242277|OZ242277.1|16S|2503048-2504596	0.989	JN655263.1.1521	Bacteria;Acidobacteriota;Vicinamibacteria;Subgroup 9;uncultured bacterium
MAG_ENA_UNRL01000009_UNRL01000009.1|ENA|UNRL01000009|UNRL01000009.1|16S|1-998	0.989	JF182810.1.1380	Bacteria;Proteobacteria;Gammaproteobacteria;Vibrionales;Vibrionaceae;Photobacterium;uncultured bacterium
MAG_ENA_UNRL01000009_UNRL01000009.1|ENA|UNRL01000009|UNRL01000009.1|16S|1-958	0.989	JF182810.1.1380	Bacteria;Proteobacteria;Gammaproteobacteria;Vibrionales;Vibrionaceae;Photobacterium;uncultured bacterium
odSpoOffi2.metagenome.1.primary|ctg13520l|16S|7022-8559	0.989	FJ900316.1.1477	Bacteria;Proteobacteria;Gammaproteobacteria;Nitrosococcales;Nitrosococcaceae;AqS1;uncultured bacterium
odSpoOffi2.metagenome.1.primary|ctg16927l|16S|7556-9016	0.989	FWFP01000022.416.1876	Bacteria;Proteobacteria;Alphaproteobacteria;Rhodobacterales;Rhodobacteraceae;Ruegeria;Ruegeria meonggei
odSpoOffi2.metagenome.1.primary|ctg17339l|16S|10884-12421	0.989	FJ900316.1.1477	Bacteria;Proteobacteria;Gammaproteobacteria;Nitrosococcales;Nitrosococcaceae;AqS1;uncultured bacterium
odSpoOffi2.metagenome.1.primary|ctg21260l|16S|362581-364119	0.989	HE817831.1.1534	Bacteria;Proteobacteria;Gammaproteobacteria;Nitrosococcales;Nitrosococcaceae;FS142-36B-02;uncultured bacterium
odSpoOffi2.metagenome.1.primary|ctg21444l|16S|595979-597531	0.989	JX206700.1.1518	Bacteria;Proteobacteria;Gammaproteobacteria;UBA10353 marine group;uncultured bacterium
odSpoOffi2.metagenome.1.primary|ctg21580c|16S|144922-146433	0.989	FJ229954.1.1479	Bacteria;Actinobacteriota;Acidimicrobiia;Actinomarinales;uncultured;uncultured actinobacterium
odSpoOffi2.metagenome.1.primary|ctg21648c|16S|656231-657746	0.989	FJ269336.1.1484	Bacteria;Acidobacteriota;Subgroup 21;uncultured Acidobacteria bacterium
odSpoOffi2.metagenome.1.primary|ctg21654c|16S|307590-309086	0.989	HE817825.1.1493	Bacteria;Proteobacteria;Alphaproteobacteria;Defluviicoccales;uncultured;uncultured bacterium
odSpoOffi2.metagenome.1.primary|ctg21666c|16S|517075-518628	0.989	HE985094.1.1552	Bacteria;PAUC34f;uncultured bacterium
odSpoOffi2.metagenome.1.primary|ctg13520l|16S|7023-8551	0.989	FJ900316.1.1477	Bacteria;Proteobacteria;Gammaproteobacteria;Nitrosococcales;Nitrosococcaceae;AqS1;uncultured bacterium
odSpoOffi2.metagenome.1.primary|ctg16927l|16S|7565-9014	0.989	FWFP01000022.416.1876	Bacteria;Proteobacteria;Alphaproteobacteria;Rhodobacterales;Rhodobacteraceae;Ruegeria;Ruegeria meonggei
odSpoOffi2.metagenome.1.primary|ctg17339l|16S|10892-12420	0.989	FJ900316.1.1477	Bacteria;Proteobacteria;Gammaproteobacteria;Nitrosococcales;Nitrosococcaceae;AqS1;uncultured bacterium
odSpoOffi2.metagenome.1.primary|ctg21260l|16S|362589-364117	0.989	HE817831.1.1534	Bacteria;Proteobacteria;Gammaproteobacteria;Nitrosococcales;Nitrosococcaceae;FS142-36B-02;uncultured bacterium
odSpoOffi2.metagenome.1.primary|ctg21444l|16S|595987-597530	0.989	JX206700.1.1518	Bacteria;Proteobacteria;Gammaproteobacteria;UBA10353 marine group;uncultured bacterium
odSpoOffi2.metagenome.1.primary|ctg21615c|16S|3539992-3541476	0.989	FJ900344.1.1423	Bacteria;Chloroflexi;Dehalococcoidia;SAR202 clade;uncultured bacterium
odSpoOffi2.metagenome.1.primary|ctg21648c|16S|656238-657744	0.989	FJ269336.1.1484	Bacteria;Acidobacteriota;Subgroup 21;uncultured Acidobacteria bacterium
odSpoOffi2.metagenome.1.primary|ctg21654c|16S|307592-309078	0.989	HE817825.1.1493	Bacteria;Proteobacteria;Alphaproteobacteria;Defluviicoccales;uncultured;uncultured bacterium
odSpoOffi2.metagenome.1.primary|ctg21666c|16S|517083-518626	0.989	HE985094.1.1552	Bacteria;PAUC34f;uncultured bacterium
odSpoOffi2.metagenome.1.primary|ctg13010l|18S|4266-5149	0.989	FJ900569.1.1498	Bacteria;Entotheonellaeota;Entotheonellia;Entotheonellales;Entotheonellaceae;uncultured bacterium
odSpoOffi2.metagenome.1.primary|ctg16643l|18S|23664-24539	0.989	HE817868.1.1506	Bacteria;Chloroflexi;Dehalococcoidia;SAR202 clade;uncultured bacterium
odSpoOffi2.metagenome.1.primary|ctg21594l|18S|1476560-1477436	0.989	JN126249.1.1462	Bacteria;Chloroflexi;Dehalococcoidia;SAR202 clade;uncultured bacterium
odSpoOffi2.metagenome.1.primary|ctg21598c|18S|2675283-2676144	0.989	JX280333.1.1422	Bacteria;Chloroflexi;TK30;uncultured bacterium
odSpoOffi2.metagenome.1.primary|ctg21644l|18S|3338961-3339839	0.989	AQPC01000005.6220.7741	Bacteria;Poribacteria;Candidatus Poribacteria sp. WGA-4G
odSpoOffi2.metagenome.1.primary|ctg21660l|18S|847826-848709	0.989	FJ900569.1.1498	Bacteria;Entotheonellaeota;Entotheonellia;Entotheonellales;Entotheonellaceae;uncultured bacterium
odSpoOffi2.metagenome.1.primary|ctg21660l|18S|5267190-5268073	0.989	FJ900569.1.1498	Bacteria;Entotheonellaeota;Entotheonellia;Entotheonellales;Entotheonellaceae;uncultured bacterium
odSpoOffi2.metagenome.1.primary|ctg21671l|18S|1302827-1303702	0.989	HE817868.1.1506	Bacteria;Chloroflexi;Dehalococcoidia;SAR202 clade;uncultured bacterium
odSpoOffi2.metagenome.1.primary|ctg21673l|18S|6306941-6307818	0.989	JQ612270.1.1506	Bacteria;Proteobacteria;Gammaproteobacteria;Nitrosococcales;Nitrosococcaceae;AqS1;uncultured bacterium
MAG_ENA_CAXXKY010000004_CAXXKY010000004.1|ENA|CAXXKY010000004|CAXXKY010000004.1|18S|16903-17779	0.988	JN126206.1.1463	Bacteria;Chloroflexi;Dehalococcoidia;SAR202 clade;uncultured bacterium
MAG_ENA_CBDBNU010000001_CBDBNU010000001.1|ENA|CBDBNU010000001|CBDBNU010000001.1|16S|25747-27254	0.988	FJ481272.1.1434	Bacteria;Chloroflexi;Dehalococcoidia;SAR202 clade;uncultured Chloroflexus sp.
MAG_ENA_CBDBNU010000001_CBDBNU010000001.1|ENA|CBDBNU010000001|CBDBNU010000001.1|16S|25753-27252	0.988	FJ481272.1.1434	Bacteria;Chloroflexi;Dehalococcoidia;SAR202 clade;uncultured Chloroflexus sp.
MAG_ENA_OY761558_OY761558.1|ENA|OY761558|OY761558.1|16S|1936679-1938188	0.988	EF076083.1.1472	Bacteria;Chloroflexi;Dehalococcoidia;SAR202 clade;uncultured Chloroflexi bacterium
MAG_ENA_OY761558_OY761558.1|ENA|OY761558|OY761558.1|16S|1936687-1938186	0.988	EF076083.1.1472	Bacteria;Chloroflexi;Dehalococcoidia;SAR202 clade;uncultured Chloroflexi bacterium
MAG_ENA_OY762464_OY762464.1|ENA|OY762464|OY762464.1|16S|144924-146425	0.988	FJ229954.1.1479	Bacteria;Actinobacteriota;Acidimicrobiia;Actinomarinales;uncultured;uncultured actinobacterium
MAG_ENA_OY764869_OY764869.1|ENA|OY764869|OY764869.1|16S|1676005-1677513	0.988	HE817868.1.1506	Bacteria;Chloroflexi;Dehalococcoidia;SAR202 clade;uncultured bacterium
MAG_ENA_OY764869_OY764869.1|ENA|OY764869|OY764869.1|16S|1676007-1677505	0.988	HE817868.1.1506	Bacteria;Chloroflexi;Dehalococcoidia;SAR202 clade;uncultured bacterium
MAG_ENA_OZ242277_OZ242277.1|ENA|OZ242277|OZ242277.1|16S|2503046-2504604	0.988	JN655263.1.1521	Bacteria;Acidobacteriota;Vicinamibacteria;Subgroup 9;uncultured bacterium
MAG_ENA_OZ242279_OZ242279.1|ENA|OZ242279|OZ242279.1|16S|1697675-1699226	0.988	GU118535.1.1477	Bacteria;Acidobacteriota;Vicinamibacteria;Vicinamibacterales;uncultured;uncultured bacterium
MAG_ENA_OZ242279_OZ242279.1|ENA|OZ242279|OZ242279.1|16S|1697677-1699218	0.988	GU118535.1.1477	Bacteria;Acidobacteriota;Vicinamibacteria;Vicinamibacterales;uncultured;uncultured bacterium
MAG_ENA_OZ242368_OZ242368.1|ENA|OZ242368|OZ242368.1|16S|3345302-3346811	0.988	EF076083.1.1472	Bacteria;Chloroflexi;Dehalococcoidia;SAR202 clade;uncultured Chloroflexi bacterium
MAG_ENA_OZ242368_OZ242368.1|ENA|OZ242368|OZ242368.1|16S|3345310-3346809	0.988	EF076083.1.1472	Bacteria;Chloroflexi;Dehalococcoidia;SAR202 clade;uncultured Chloroflexi bacterium
odSpoOffi2.metagenome.1.primary|ctg18072l|16S|1582-3094	0.988	JQ612194.1.1479	Bacteria;Proteobacteria;Alphaproteobacteria;Defluviicoccales;uncultured;uncultured bacterium
odSpoOffi2.metagenome.1.primary|ctg21067l|16S|28488-30000	0.988	HE985101.1.1443	Bacteria;Proteobacteria;Alphaproteobacteria;Defluviicoccales;uncultured;uncultured bacterium
odSpoOffi2.metagenome.1.primary|ctg21548l|16S|849767-851304	0.988	JQ612270.1.1506	Bacteria;Proteobacteria;Gammaproteobacteria;Nitrosococcales;Nitrosococcaceae;AqS1;uncultured bacterium
odSpoOffi2.metagenome.1.primary|ctg21607c|16S|1936679-1938188	0.988	EF076083.1.1472	Bacteria;Chloroflexi;Dehalococcoidia;SAR202 clade;uncultured Chloroflexi bacterium
odSpoOffi2.metagenome.1.primary|ctg21610c|16S|1676005-1677513	0.988	HE817868.1.1506	Bacteria;Chloroflexi;Dehalococcoidia;SAR202 clade;uncultured bacterium
odSpoOffi2.metagenome.1.primary|ctg21674c|16S|830226-831763	0.988	JN126198.1.1505	Bacteria;Proteobacteria;Gammaproteobacteria;Nitrosococcales;Nitrosococcaceae;AqS1;uncultured bacterium
odSpoOffi2.metagenome.1.primary|ctg18072l|16S|1584-3087	0.988	JQ612194.1.1479	Bacteria;Proteobacteria;Alphaproteobacteria;Defluviicoccales;uncultured;uncultured bacterium
odSpoOffi2.metagenome.1.primary|ctg21548l|16S|849775-851303	0.988	JQ612270.1.1506	Bacteria;Proteobacteria;Gammaproteobacteria;Nitrosococcales;Nitrosococcaceae;AqS1;uncultured bacterium
odSpoOffi2.metagenome.1.primary|ctg21580c|16S|144924-146425	0.988	FJ229954.1.1479	Bacteria;Actinobacteriota;Acidimicrobiia;Actinomarinales;uncultured;uncultured actinobacterium
odSpoOffi2.metagenome.1.primary|ctg21607c|16S|1936687-1938186	0.988	EF076083.1.1472	Bacteria;Chloroflexi;Dehalococcoidia;SAR202 clade;uncultured Chloroflexi bacterium
odSpoOffi2.metagenome.1.primary|ctg21610c|16S|1676007-1677505	0.988	HE817868.1.1506	Bacteria;Chloroflexi;Dehalococcoidia;SAR202 clade;uncultured bacterium
odSpoOffi2.metagenome.1.primary|ctg21674c|16S|830234-831762	0.988	JN126198.1.1505	Bacteria;Proteobacteria;Gammaproteobacteria;Nitrosococcales;Nitrosococcaceae;AqS1;uncultured bacterium
odSpoOffi2.metagenome.1.primary|ctg16927l|18S|8159-9008	0.988	FWFP01000022.416.1876	Bacteria;Proteobacteria;Alphaproteobacteria;Rhodobacterales;Rhodobacteraceae;Ruegeria;Ruegeria meonggei
odSpoOffi2.metagenome.1.primary|ctg18042l|18S|7709-9511	0.988	AF246616.1.1800	Eukaryota;Amorphea;Obazoa;Opisthokonta;Holozoa;Choanozoa;Metazoa;Porifera;Demospongiae;Dictyoceratida;Hippospongia communis (horse sponge)
odSpoOffi2.metagenome.1.primary|ctg18042l|18S|28202-30004	0.988	AF246616.1.1800	Eukaryota;Amorphea;Obazoa;Opisthokonta;Holozoa;Choanozoa;Metazoa;Porifera;Demospongiae;Dictyoceratida;Hippospongia communis (horse sponge)
odSpoOffi2.metagenome.1.primary|ctg18042l|18S|17952-19754	0.988	AF246616.1.1800	Eukaryota;Amorphea;Obazoa;Opisthokonta;Holozoa;Choanozoa;Metazoa;Porifera;Demospongiae;Dictyoceratida;Hippospongia communis (horse sponge)
odSpoOffi2.metagenome.1.primary|ctg21388l|18S|16903-17779	0.988	JN126206.1.1463	Bacteria;Chloroflexi;Dehalococcoidia;SAR202 clade;uncultured bacterium
odSpoOffi2.metagenome.1.primary|ctg21504l|18S|538682-539557	0.988	JQ612254.1.1505	Bacteria;Spirochaetota;Spirochaetia;Spirochaetales;Spirochaetaceae;Spirochaeta;uncultured bacterium
odSpoOffi2.metagenome.1.primary|ctg21635l|18S|4965-6767	0.988	AF246616.1.1800	Eukaryota;Amorphea;Obazoa;Opisthokonta;Holozoa;Choanozoa;Metazoa;Porifera;Demospongiae;Dictyoceratida;Hippospongia communis (horse sponge)
odSpoOffi2.metagenome.1.primary|ctg21675c|18S|5944113-5944990	0.988	KM389596.1.1517	Bacteria;Proteobacteria;Gammaproteobacteria;Nitrosococcales;Nitrosococcaceae;AqS1;uncultured bacterium
MAG_ENA_CBDBLP010000002_CBDBLP010000002.1|ENA|CBDBLP010000002|CBDBLP010000002.1|18S|455689-456568	0.987	JQ612194.1.1479	Bacteria;Proteobacteria;Alphaproteobacteria;Defluviicoccales;uncultured;uncultured bacterium
MAG_ENA_CBDBNI010000009_CBDBNI010000009.1|ENA|CBDBNI010000009|CBDBNI010000009.1|16S|419266-420777	0.987	FJ229954.1.1479	Bacteria;Actinobacteriota;Acidimicrobiia;Actinomarinales;uncultured;uncultured actinobacterium
MAG_ENA_CBDBNI010000009_CBDBNI010000009.1|ENA|CBDBNI010000009|CBDBNI010000009.1|16S|419268-420769	0.987	FJ229954.1.1479	Bacteria;Actinobacteriota;Acidimicrobiia;Actinomarinales;uncultured;uncultured actinobacterium
MAG_ENA_CBDBPK010000006_CBDBPK010000006.1|ENA|CBDBPK010000006|CBDBPK010000006.1|18S|41313-42176	0.987	JQ612185.1.1465	Bacteria;Chloroflexi;Dehalococcoidia;SAR202 clade;uncultured bacterium
MAG_ENA_OY759412_OY759412.1|ENA|OY759412|OY759412.1|18S|648384-649263	0.987	AQPC01000005.6220.7741	Bacteria;Poribacteria;Candidatus Poribacteria sp. WGA-4G
MAG_ENA_OY759598_OY759598.1|ENA|OY759598|OY759598.1|18S|3975876-3976739	0.987	JQ612185.1.1465	Bacteria;Chloroflexi;Dehalococcoidia;SAR202 clade;uncultured bacterium
MAG_ENA_OY760734_OY760734.1|ENA|OY760734|OY760734.1|16S|5742977-5744529	0.987	HG423460.1.1482	Bacteria;Acidobacteriota;Vicinamibacteria;Vicinamibacterales;uncultured;uncultured bacterium
MAG_ENA_OY760734_OY760734.1|ENA|OY760734|OY760734.1|16S|5742985-5744527	0.987	HG423460.1.1482	Bacteria;Acidobacteriota;Vicinamibacteria;Vicinamibacterales;uncultured;uncultured bacterium
MAG_ENA_OY762213_OY762213.1|ENA|OY762213|OY762213.1|16S|285117-286624	0.987	HE817813.1.1507	Bacteria;Chloroflexi;Dehalococcoidia;S085;uncultured bacterium
MAG_ENA_OY762213_OY762213.1|ENA|OY762213|OY762213.1|16S|285119-286616	0.987	HE817813.1.1507	Bacteria;Chloroflexi;Dehalococcoidia;S085;uncultured bacterium
MAG_ENA_OY763410_OY763410.1|ENA|OY763410|OY763410.1|18S|1034436-1035311	0.987	JN126206.1.1463	Bacteria;Chloroflexi;Dehalococcoidia;SAR202 clade;uncultured bacterium
odSpoOffi2.metagenome.1.primary|ctg16150l|16S|409-1947	0.987	FJ900316.1.1477	Bacteria;Proteobacteria;Gammaproteobacteria;Nitrosococcales;Nitrosococcaceae;AqS1;uncultured bacterium
odSpoOffi2.metagenome.1.primary|ctg21504l|16S|538674-540215	0.987	JQ612254.1.1505	Bacteria;Spirochaetota;Spirochaetia;Spirochaetales;Spirochaetaceae;Spirochaeta;uncultured bacterium
odSpoOffi2.metagenome.1.primary|ctg21538l|16S|285117-286624	0.987	HE817813.1.1507	Bacteria;Chloroflexi;Dehalococcoidia;S085;uncultured bacterium
odSpoOffi2.metagenome.1.primary|ctg21670c|16S|5742977-5744529	0.987	HG423460.1.1482	Bacteria;Acidobacteriota;Vicinamibacteria;Vicinamibacterales;uncultured;uncultured bacterium
odSpoOffi2.metagenome.1.primary|ctg21673l|16S|6306288-6307825	0.987	JQ612270.1.1506	Bacteria;Proteobacteria;Gammaproteobacteria;Nitrosococcales;Nitrosococcaceae;AqS1;uncultured bacterium
odSpoOffi2.metagenome.1.primary|ctg16150l|16S|410-1939	0.987	FJ900316.1.1477	Bacteria;Proteobacteria;Gammaproteobacteria;Nitrosococcales;Nitrosococcaceae;AqS1;uncultured bacterium
odSpoOffi2.metagenome.1.primary|ctg21067l|16S|28490-29993	0.987	HE985101.1.1443	Bacteria;Proteobacteria;Alphaproteobacteria;Defluviicoccales;uncultured;uncultured bacterium
odSpoOffi2.metagenome.1.primary|ctg21504l|16S|538676-540206	0.987	JQ612254.1.1505	Bacteria;Spirochaetota;Spirochaetia;Spirochaetales;Spirochaetaceae;Spirochaeta;uncultured bacterium
odSpoOffi2.metagenome.1.primary|ctg21538l|16S|285119-286616	0.987	HE817813.1.1507	Bacteria;Chloroflexi;Dehalococcoidia;S085;uncultured bacterium
odSpoOffi2.metagenome.1.primary|ctg21670c|16S|5742985-5744527	0.987	HG423460.1.1482	Bacteria;Acidobacteriota;Vicinamibacteria;Vicinamibacterales;uncultured;uncultured bacterium
odSpoOffi2.metagenome.1.primary|ctg21673l|16S|6306296-6307824	0.987	JQ612270.1.1506	Bacteria;Proteobacteria;Gammaproteobacteria;Nitrosococcales;Nitrosococcaceae;AqS1;uncultured bacterium
odSpoOffi2.metagenome.1.primary|ctg16715l|18S|22312-23184	0.987	EU592393.1.1452	Bacteria;Proteobacteria;Alphaproteobacteria;Rhodospirillales;Rhodospirillaceae;uncultured;uncultured bacterium
odSpoOffi2.metagenome.1.primary|ctg18072l|18S|1590-2469	0.987	JQ612194.1.1479	Bacteria;Proteobacteria;Alphaproteobacteria;Defluviicoccales;uncultured;uncultured bacterium
odSpoOffi2.metagenome.1.primary|ctg21062l|18S|46729-47608	0.987	JQ612194.1.1479	Bacteria;Proteobacteria;Alphaproteobacteria;Defluviicoccales;uncultured;uncultured bacterium
odSpoOffi2.metagenome.1.primary|ctg21621c|18S|3975876-3976739	0.987	JQ612185.1.1465	Bacteria;Chloroflexi;Dehalococcoidia;SAR202 clade;uncultured bacterium
odSpoOffi2.metagenome.1.primary|ctg21636l|18S|1034436-1035311	0.987	JN126206.1.1463	Bacteria;Chloroflexi;Dehalococcoidia;SAR202 clade;uncultured bacterium
odSpoOffi2.metagenome.1.primary|ctg21645l|18S|648384-649263	0.987	AQPC01000005.6220.7741	Bacteria;Poribacteria;Candidatus Poribacteria sp. WGA-4G
MAG_ENA_CAXXRU010000002_CAXXRU010000002.1|ENA|CAXXRU010000002|CAXXRU010000002.1|18S|596635-597524	0.986	JX206698.1.1518	Bacteria;Proteobacteria;Gammaproteobacteria;UBA10353 marine group;uncultured bacterium
MAG_ENA_CAXXTN010000003_CAXXTN010000003.1|ENA|CAXXTN010000003|CAXXTN010000003.1|18S|255656-256530	0.986	APGO01000272.5528.7050	Bacteria;Poribacteria;Candidatus Poribacteria sp. WGA-4C
MAG_ENA_CBDBLR010000003_CBDBLR010000003.1|ENA|CBDBLR010000003|CBDBLR010000003.1|18S|1831739-1832612	0.986	HE817813.1.1507	Bacteria;Chloroflexi;Dehalococcoidia;S085;uncultured bacterium
MAG_ENA_CBDBLR010000003_CBDBLR010000003.1|ENA|CBDBLR010000003|CBDBLR010000003.1|16S|1831113-1832620	0.986	HE817813.1.1507	Bacteria;Chloroflexi;Dehalococcoidia;S085;uncultured bacterium
MAG_ENA_CBDBLR010000003_CBDBLR010000003.1|ENA|CBDBLR010000003|CBDBLR010000003.1|16S|1831121-1832618	0.986	HE817813.1.1507	Bacteria;Chloroflexi;Dehalococcoidia;S085;uncultured bacterium
MAG_ENA_CBDBMN010000010_CBDBMN010000010.1|ENA|CBDBMN010000010|CBDBMN010000010.1|16S|1924192-1925733	0.986	GU118535.1.1477	Bacteria;Acidobacteriota;Vicinamibacteria;Vicinamibacterales;uncultured;uncultured bacterium
MAG_ENA_CBDBNP010000006_CBDBNP010000006.1|ENA|CBDBNP010000006|CBDBNP010000006.1|18S|152166-153042	0.986	HE985095.1.1493	Bacteria;Chloroflexi;Dehalococcoidia;SAR202 clade;uncultured bacterium
MAG_ENA_OY759747_OY759747.1|ENA|OY759747|OY759747.1|16S|3328820-3330363	0.986	JX280174.1.1479	Bacteria;Spirochaetota;Spirochaetia;Spirochaetales;Spirochaetaceae;Spirochaeta;uncultured bacterium
MAG_ENA_OY762213_OY762213.1|ENA|OY762213|OY762213.1|18S|285125-285998	0.986	HE817813.1.1507	Bacteria;Chloroflexi;Dehalococcoidia;S085;uncultured bacterium
MAG_ENA_OY762648_OY762648.1|ENA|OY762648|OY762648.1|18S|255656-256530	0.986	APGO01000272.5528.7050	Bacteria;Poribacteria;Candidatus Poribacteria sp. WGA-4C
MAG_ENA_OY764194_OY764194.1|ENA|OY764194|OY764194.1|18S|596635-597524	0.986	JX206698.1.1518	Bacteria;Proteobacteria;Gammaproteobacteria;UBA10353 marine group;uncultured bacterium
MAG_ENA_OZ242324_OZ242324.1|ENA|OZ242324|OZ242324.1|18S|1300147-1301030	0.986	HQ270217.1.1525	Bacteria;Gemmatimonadota;BD2-11 terrestrial group;uncultured bacterium
MAG_ENA_UNRC01000002_UNRC01000002.1|ENA|UNRC01000002|UNRC01000002.1|18S|354711-355590	0.986	AB936074.1.1462	Bacteria;Proteobacteria;Alphaproteobacteria;Sphingomonadales;Sphingomonadaceae;Sphingorhabdus;Sphingorhabdus pacifica
MAG_ENA_UNRC01000002_UNRC01000002.1|ENA|UNRC01000002|UNRC01000002.1|16S|354119-355596	0.986	AB936074.1.1462	Bacteria;Proteobacteria;Alphaproteobacteria;Sphingomonadales;Sphingomonadaceae;Sphingorhabdus;Sphingorhabdus pacifica
MAG_ENA_UNRC01000002_UNRC01000002.1|ENA|UNRC01000002|UNRC01000002.1|16S|354111-355598	0.986	AB936074.1.1462	Bacteria;Proteobacteria;Alphaproteobacteria;Sphingomonadales;Sphingomonadaceae;Sphingorhabdus;Sphingorhabdus pacifica
odSpoOffi2.metagenome.1.primary|ctg15665l|16S|4450-6001	0.986	HG423460.1.1482	Bacteria;Acidobacteriota;Vicinamibacteria;Vicinamibacterales;uncultured;uncultured bacterium
odSpoOffi2.metagenome.1.primary|ctg16643l|16S|23656-25163	0.986	HE817868.1.1506	Bacteria;Chloroflexi;Dehalococcoidia;SAR202 clade;uncultured bacterium
odSpoOffi2.metagenome.1.primary|ctg21062l|16S|46104-47616	0.986	JQ612194.1.1479	Bacteria;Proteobacteria;Alphaproteobacteria;Defluviicoccales;uncultured;uncultured bacterium
odSpoOffi2.metagenome.1.primary|ctg21635l|16S|110384-111155	0.986	AJ703888.1.1783	Eukaryota;Amorphea;Obazoa;Opisthokonta;Holozoa;Choanozoa;Metazoa;Porifera;Demospongiae;Dictyoceratida;Ircinia felix felix
odSpoOffi2.metagenome.1.primary|ctg21671l|16S|1302819-1304326	0.986	HE817868.1.1506	Bacteria;Chloroflexi;Dehalococcoidia;SAR202 clade;uncultured bacterium
odSpoOffi2.metagenome.1.primary|ctg15665l|16S|4452-5993	0.986	HG423460.1.1482	Bacteria;Acidobacteriota;Vicinamibacteria;Vicinamibacterales;uncultured;uncultured bacterium
odSpoOffi2.metagenome.1.primary|ctg16643l|16S|23658-25156	0.986	HE817868.1.1506	Bacteria;Chloroflexi;Dehalococcoidia;SAR202 clade;uncultured bacterium
odSpoOffi2.metagenome.1.primary|ctg21062l|16S|46111-47614	0.986	JQ612194.1.1479	Bacteria;Proteobacteria;Alphaproteobacteria;Defluviicoccales;uncultured;uncultured bacterium
odSpoOffi2.metagenome.1.primary|ctg21635l|16S|110382-111189	0.986	AJ703888.1.1783	Eukaryota;Amorphea;Obazoa;Opisthokonta;Holozoa;Choanozoa;Metazoa;Porifera;Demospongiae;Dictyoceratida;Ircinia felix felix
odSpoOffi2.metagenome.1.primary|ctg21668c|16S|3328820-3330363	0.986	JX280174.1.1479	Bacteria;Spirochaetota;Spirochaetia;Spirochaetales;Spirochaetaceae;Spirochaeta;uncultured bacterium
odSpoOffi2.metagenome.1.primary|ctg21671l|16S|1302821-1304319	0.986	HE817868.1.1506	Bacteria;Chloroflexi;Dehalococcoidia;SAR202 clade;uncultured bacterium
odSpoOffi2.metagenome.1.primary|ctg21400l|18S|375029-375908	0.986	JQ612194.1.1479	Bacteria;Proteobacteria;Alphaproteobacteria;Defluviicoccales;uncultured;uncultured bacterium
odSpoOffi2.metagenome.1.primary|ctg21444l|18S|596635-597524	0.986	JX206698.1.1518	Bacteria;Proteobacteria;Gammaproteobacteria;UBA10353 marine group;uncultured bacterium
odSpoOffi2.metagenome.1.primary|ctg21512l|18S|255656-256530	0.986	APGO01000272.5528.7050	Bacteria;Poribacteria;Candidatus Poribacteria sp. WGA-4C
odSpoOffi2.metagenome.1.primary|ctg21538l|18S|285125-285998	0.986	HE817813.1.1507	Bacteria;Chloroflexi;Dehalococcoidia;S085;uncultured bacterium
MAG_ENA_OY760136_OY760136.1|ENA|OY760136|OY760136.1|16S|1696941-1698482	0.985	JQ612274.1.1516	Bacteria;Acidobacteriota;Vicinamibacteria;Vicinamibacterales;uncultured;uncultured bacterium
MAG_ENA_OY760136_OY760136.1|ENA|OY760136|OY760136.1|16S|1696933-1698484	0.985	JQ612274.1.1516	Bacteria;Acidobacteriota;Vicinamibacteria;Vicinamibacterales;uncultured;uncultured bacterium
MAG_ENA_OY761543_OY761543.1|ENA|OY761543|OY761543.1|18S|792485-793354	0.985	AF186417.1.1461	Bacteria;Chloroflexi;Dehalococcoidia;SAR202 clade;uncultured sponge symbiont PAWS52f
MAG_ENA_OZ242291_OZ242291.1|ENA|OZ242291|OZ242291.1|16S|1181666-1183155	0.985	JX280333.1.1422	Bacteria;Chloroflexi;TK30;uncultured bacterium
MAG_ENA_OZ242291_OZ242291.1|ENA|OZ242291|OZ242291.1|16S|1181657-1183157	0.985	JX280333.1.1422	Bacteria;Chloroflexi;TK30;uncultured bacterium
MAG_ENA_OZ242378_OZ242378.1|ENA|OZ242378|OZ242378.1|18S|1465356-1466219	0.985	JQ612185.1.1465	Bacteria;Chloroflexi;Dehalococcoidia;SAR202 clade;uncultured bacterium
odSpoOffi2.metagenome.1.primary|ctg20948l|16S|122332-123874	0.985	JN126055.1.1509	Bacteria;Proteobacteria;Gammaproteobacteria;Nitrosococcales;Nitrosococcaceae;AqS1;uncultured bacterium
odSpoOffi2.metagenome.1.primary|ctg21638c|16S|1696933-1698484	0.985	JQ612274.1.1516	Bacteria;Acidobacteriota;Vicinamibacteria;Vicinamibacterales;uncultured;uncultured bacterium
odSpoOffi2.metagenome.1.primary|ctg21665l|16S|3749019-3750560	0.985	JX280241.1.1466	Bacteria;Spirochaetota;Spirochaetia;Spirochaetales;Spirochaetaceae;Spirochaeta;uncultured bacterium
odSpoOffi2.metagenome.1.primary|ctg21675c|16S|5943460-5944997	0.985	KM389596.1.1517	Bacteria;Proteobacteria;Gammaproteobacteria;Nitrosococcales;Nitrosococcaceae;AqS1;uncultured bacterium
odSpoOffi2.metagenome.1.primary|ctg20948l|16S|122334-123866	0.985	JN126055.1.1509	Bacteria;Proteobacteria;Gammaproteobacteria;Nitrosococcales;Nitrosococcaceae;AqS1;uncultured bacterium
odSpoOffi2.metagenome.1.primary|ctg21638c|16S|1696941-1698482	0.985	JQ612274.1.1516	Bacteria;Acidobacteriota;Vicinamibacteria;Vicinamibacterales;uncultured;uncultured bacterium
odSpoOffi2.metagenome.1.primary|ctg21665l|16S|3749028-3750558	0.985	JX280241.1.1466	Bacteria;Spirochaetota;Spirochaetia;Spirochaetales;Spirochaetaceae;Spirochaeta;uncultured bacterium
odSpoOffi2.metagenome.1.primary|ctg21579c|18S|792485-793354	0.985	AF186417.1.1461	Bacteria;Chloroflexi;Dehalococcoidia;SAR202 clade;uncultured sponge symbiont PAWS52f
MAG_ENA_CAMZOG010000182_CAMZOG010000182.1|ENA|CAMZOG010000182|CAMZOG010000182.1|18S|1834-2324	0.984	MG799499.1.1280	Bacteria;Proteobacteria;Gammaproteobacteria;Oceanospirillales;Endozoicomonadaceae;Endozoicomonas;Hahellaceae bacterium
MAG_ENA_CAMZOG010000182_CAMZOG010000182.1|ENA|CAMZOG010000182|CAMZOG010000182.1|16S|1828-2325	0.984	MG799499.1.1280	Bacteria;Proteobacteria;Gammaproteobacteria;Oceanospirillales;Endozoicomonadaceae;Endozoicomonas;Hahellaceae bacterium
MAG_ENA_CAMZOI010000002_CAMZOI010000002.1|ENA|CAMZOI010000002|CAMZOI010000002.1|16S|316339-317814	0.984	DQ395825.1.1483	Bacteria;Proteobacteria;Alphaproteobacteria;Sphingomonadales;Sphingomonadaceae;Erythrobacter;uncultured organism
MAG_ENA_CAMZOI010000002_CAMZOI010000002.1|ENA|CAMZOI010000002|CAMZOI010000002.1|16S|316331-317816	0.984	DQ395825.1.1483	Bacteria;Proteobacteria;Alphaproteobacteria;Sphingomonadales;Sphingomonadaceae;Erythrobacter;uncultured organism
MAG_ENA_CAXXLJ010000002_CAXXLJ010000002.1|ENA|CAXXLJ010000002|CAXXLJ010000002.1|18S|645119-645995	0.984	KX950759.1.1471	Archaea;Crenarchaeota;Nitrososphaeria;Nitrosopumilales;Nitrosopumilaceae;Candidatus Nitrosopumilus;Nitrosopumilus ureiphilus
MAG_ENA_CAXXON010000003_CAXXON010000003.1|ENA|CAXXON010000003|CAXXON010000003.1|16S|1475949-1477444	0.984	JN126206.1.1463	Bacteria;Chloroflexi;Dehalococcoidia;SAR202 clade;uncultured bacterium
MAG_ENA_CAXXON010000003_CAXXON010000003.1|ENA|CAXXON010000003|CAXXON010000003.1|16S|1475957-1477442	0.984	JN126206.1.1463	Bacteria;Chloroflexi;Dehalococcoidia;SAR202 clade;uncultured bacterium
MAG_ENA_CAXXVU020000002_CAXXVU020000002.1|ENA|CAXXVU020000002|CAXXVU020000002.1|16S|2459411-2460952	0.984	GU118535.1.1477	Bacteria;Acidobacteriota;Vicinamibacteria;Vicinamibacterales;uncultured;uncultured bacterium
MAG_ENA_CAXXVU020000002_CAXXVU020000002.1|ENA|CAXXVU020000002|CAXXVU020000002.1|16S|2459403-2460954	0.984	GU118535.1.1477	Bacteria;Acidobacteriota;Vicinamibacteria;Vicinamibacterales;uncultured;uncultured bacterium
MAG_ENA_CBDBOD010000004_CBDBOD010000004.1|ENA|CBDBOD010000004|CBDBOD010000004.1|16S|4752597-4754148	0.984	JQ612272.1.1518	Bacteria;Acidobacteriota;Vicinamibacteria;Vicinamibacterales;uncultured;uncultured bacterium
MAG_ENA_OY759782_OY759782.1|ENA|OY759782|OY759782.1|16S|2459403-2460954	0.984	GU118535.1.1477	Bacteria;Acidobacteriota;Vicinamibacteria;Vicinamibacterales;uncultured;uncultured bacterium
MAG_ENA_OY759782_OY759782.1|ENA|OY759782|OY759782.1|16S|2459411-2460952	0.984	GU118535.1.1477	Bacteria;Acidobacteriota;Vicinamibacteria;Vicinamibacterales;uncultured;uncultured bacterium
MAG_ENA_OY760687_OY760687.1|ENA|OY760687|OY760687.1|16S|2836405-2837914	0.984	FJ900341.1.1447	Bacteria;Chloroflexi;Dehalococcoidia;SAR202 clade;uncultured bacterium
MAG_ENA_OY760687_OY760687.1|ENA|OY760687|OY760687.1|16S|2836407-2837906	0.984	FJ900341.1.1447	Bacteria;Chloroflexi;Dehalococcoidia;SAR202 clade;uncultured bacterium
MAG_ENA_OY760734_OY760734.1|ENA|OY760734|OY760734.1|18S|5743646-5744521	0.984	HF912748.1.1509	Bacteria;Acidobacteriota;Vicinamibacteria;Vicinamibacterales;uncultured;uncultured bacterium
MAG_ENA_OY761535_OY761535.1|ENA|OY761535|OY761535.1|18S|2973292-2974169	0.984	JX280276.1.1466	Bacteria;Proteobacteria;Gammaproteobacteria;UBA10353 marine group;uncultured bacterium
MAG_ENA_OY761543_OY761543.1|ENA|OY761543|OY761543.1|16S|792477-793975	0.984	JQ612181.1.1464	Bacteria;Chloroflexi;Dehalococcoidia;SAR202 clade;uncultured bacterium
MAG_ENA_OY761543_OY761543.1|ENA|OY761543|OY761543.1|16S|792479-793967	0.984	JQ612181.1.1464	Bacteria;Chloroflexi;Dehalococcoidia;SAR202 clade;uncultured bacterium
MAG_ENA_OY762210_OY762210.1|ENA|OY762210|OY762210.1|16S|3539985-3541478	0.984	JQ612188.1.1459	Bacteria;Chloroflexi;Dehalococcoidia;SAR202 clade;uncultured bacterium
MAG_ENA_OY762226_OY762226.1|ENA|OY762226|OY762226.1|16S|2998446-2999997	0.984	JQ612272.1.1518	Bacteria;Acidobacteriota;Vicinamibacteria;Vicinamibacterales;uncultured;uncultured bacterium
MAG_ENA_OY762409_OY762409.1|ENA|OY762409|OY762409.1|16S|1599725-1601211	0.984	FJ900579.1.1432	Bacteria;Chloroflexi;Dehalococcoidia;SAR202 clade;uncultured bacterium
MAG_ENA_OY762538_OY762538.1|ENA|OY762538|OY762538.1|16S|2675275-2676775	0.984	JX280333.1.1422	Bacteria;Chloroflexi;TK30;uncultured bacterium
MAG_ENA_OY762538_OY762538.1|ENA|OY762538|OY762538.1|16S|2675277-2676766	0.984	JX280333.1.1422	Bacteria;Chloroflexi;TK30;uncultured bacterium
MAG_ENA_OY763324_OY763324.1|ENA|OY763324|OY763324.1|18S|2341387-2342262	0.984	APGO01000272.5528.7050	Bacteria;Poribacteria;Candidatus Poribacteria sp. WGA-4C
MAG_ENA_OY763410_OY763410.1|ENA|OY763410|OY763410.1|16S|1034428-1035923	0.984	HE985095.1.1493	Bacteria;Chloroflexi;Dehalococcoidia;SAR202 clade;uncultured bacterium
MAG_ENA_OY763410_OY763410.1|ENA|OY763410|OY763410.1|16S|1034430-1035915	0.984	HE985095.1.1493	Bacteria;Chloroflexi;Dehalococcoidia;SAR202 clade;uncultured bacterium
MAG_ENA_OY763948_OY763948.1|ENA|OY763948|OY763948.1|16S|1475949-1477444	0.984	JN126206.1.1463	Bacteria;Chloroflexi;Dehalococcoidia;SAR202 clade;uncultured bacterium
MAG_ENA_OY763948_OY763948.1|ENA|OY763948|OY763948.1|16S|1475957-1477442	0.984	JN126206.1.1463	Bacteria;Chloroflexi;Dehalococcoidia;SAR202 clade;uncultured bacterium
MAG_ENA_OZ242313_OZ242313.1|ENA|OZ242313|OZ242313.1|18S|1693821-1694695	0.984	JQ612254.1.1505	Bacteria;Spirochaetota;Spirochaetia;Spirochaetales;Spirochaetaceae;Spirochaeta;uncultured bacterium
MAG_ENA_OZ242328_OZ242328.1|ENA|OZ242328|OZ242328.1|16S|4878002-4879561	0.984	JQ612287.1.1523	Bacteria;Gemmatimonadota;BD2-11 terrestrial group;uncultured bacterium
MAG_ENA_OZ242328_OZ242328.1|ENA|OZ242328|OZ242328.1|16S|4878004-4879552	0.984	JQ612287.1.1523	Bacteria;Gemmatimonadota;BD2-11 terrestrial group;uncultured bacterium
MAG_ENA_UNRJ01000006_UNRJ01000006.1|ENA|UNRJ01000006|UNRJ01000006.1|16S|3-589	0.984	LC008540.1.1395	Bacteria;Proteobacteria;Alphaproteobacteria;Rhodobacterales;Rhodobacteraceae;Shimia;Shimia sagamensis
MAG_ENA_UNRJ01000006_UNRJ01000006.1|ENA|UNRJ01000006|UNRJ01000006.1|16S|2-598	0.984	LC008540.1.1395	Bacteria;Proteobacteria;Alphaproteobacteria;Rhodobacterales;Rhodobacteraceae;Shimia;Shimia sagamensis
odSpoOffi2.metagenome.1.primary|ctg21579c|16S|792477-793975	0.984	JQ612181.1.1464	Bacteria;Chloroflexi;Dehalococcoidia;SAR202 clade;uncultured bacterium
odSpoOffi2.metagenome.1.primary|ctg21594l|16S|1475949-1477444	0.984	JN126206.1.1463	Bacteria;Chloroflexi;Dehalococcoidia;SAR202 clade;uncultured bacterium
odSpoOffi2.metagenome.1.primary|ctg21598c|16S|2675275-2676775	0.984	JX280333.1.1422	Bacteria;Chloroflexi;TK30;uncultured bacterium
odSpoOffi2.metagenome.1.primary|ctg21613c|16S|2836405-2837914	0.984	FJ900341.1.1447	Bacteria;Chloroflexi;Dehalococcoidia;SAR202 clade;uncultured bacterium
odSpoOffi2.metagenome.1.primary|ctg21615c|16S|3539985-3541478	0.984	JQ612188.1.1459	Bacteria;Chloroflexi;Dehalococcoidia;SAR202 clade;uncultured bacterium
odSpoOffi2.metagenome.1.primary|ctg21636l|16S|1034428-1035923	0.984	HE985095.1.1493	Bacteria;Chloroflexi;Dehalococcoidia;SAR202 clade;uncultured bacterium
odSpoOffi2.metagenome.1.primary|ctg21663c|16S|2998446-2999997	0.984	JQ612272.1.1518	Bacteria;Acidobacteriota;Vicinamibacteria;Vicinamibacterales;uncultured;uncultured bacterium
odSpoOffi2.metagenome.1.primary|ctg21672l|16S|2459403-2460954	0.984	GU118535.1.1477	Bacteria;Acidobacteriota;Vicinamibacteria;Vicinamibacterales;uncultured;uncultured bacterium
odSpoOffi2.metagenome.1.primary|ctg21579c|16S|792479-793967	0.984	JQ612181.1.1464	Bacteria;Chloroflexi;Dehalococcoidia;SAR202 clade;uncultured bacterium
odSpoOffi2.metagenome.1.primary|ctg21594l|16S|1475957-1477442	0.984	JN126206.1.1463	Bacteria;Chloroflexi;Dehalococcoidia;SAR202 clade;uncultured bacterium
odSpoOffi2.metagenome.1.primary|ctg21598c|16S|2675277-2676766	0.984	JX280333.1.1422	Bacteria;Chloroflexi;TK30;uncultured bacterium
odSpoOffi2.metagenome.1.primary|ctg21613c|16S|2836407-2837906	0.984	FJ900341.1.1447	Bacteria;Chloroflexi;Dehalococcoidia;SAR202 clade;uncultured bacterium
odSpoOffi2.metagenome.1.primary|ctg21618c|16S|1599725-1601211	0.984	FJ900579.1.1432	Bacteria;Chloroflexi;Dehalococcoidia;SAR202 clade;uncultured bacterium
odSpoOffi2.metagenome.1.primary|ctg21636l|16S|1034430-1035915	0.984	HE985095.1.1493	Bacteria;Chloroflexi;Dehalococcoidia;SAR202 clade;uncultured bacterium
odSpoOffi2.metagenome.1.primary|ctg21672l|16S|2459411-2460952	0.984	GU118535.1.1477	Bacteria;Acidobacteriota;Vicinamibacteria;Vicinamibacterales;uncultured;uncultured bacterium
odSpoOffi2.metagenome.1.primary|ctg15266l|18S|2839-3717	0.984	KM389592.1.1462	Bacteria;Proteobacteria;Gammaproteobacteria;Nitrosococcales;Nitrosococcaceae;AqS1;uncultured bacterium
odSpoOffi2.metagenome.1.primary|ctg21567l|18S|645119-645995	0.984	KX950759.1.1471	Archaea;Crenarchaeota;Nitrososphaeria;Nitrosopumilales;Nitrosopumilaceae;Candidatus Nitrosopumilus;Nitrosopumilus ureiphilus
odSpoOffi2.metagenome.1.primary|ctg21602c|18S|2973292-2974169	0.984	JX280276.1.1466	Bacteria;Proteobacteria;Gammaproteobacteria;UBA10353 marine group;uncultured bacterium
odSpoOffi2.metagenome.1.primary|ctg21631c|18S|731424-732305	0.984	JX206614.1.1525	Bacteria;Gemmatimonadota;BD2-11 terrestrial group;uncultured bacterium
odSpoOffi2.metagenome.1.primary|ctg21637c|18S|2341387-2342262	0.984	APGO01000272.5528.7050	Bacteria;Poribacteria;Candidatus Poribacteria sp. WGA-4C
odSpoOffi2.metagenome.1.primary|ctg21670c|18S|5743646-5744521	0.984	HF912748.1.1509	Bacteria;Acidobacteriota;Vicinamibacteria;Vicinamibacterales;uncultured;uncultured bacterium
MAG_ENA_CAXXGT010000004_CAXXGT010000004.1|ENA|CAXXGT010000004|CAXXGT010000004.1|16S|62346-63804	0.983	FJ529292.1.1429	Bacteria;Proteobacteria;Alphaproteobacteria;Rhodobacterales;Rhodobacteraceae;uncultured;uncultured Rhodobacter sp.
MAG_ENA_CAXXGT010000004_CAXXGT010000004.1|ENA|CAXXGT010000004|CAXXGT010000004.1|16S|62355-63802	0.983	FJ529292.1.1429	Bacteria;Proteobacteria;Alphaproteobacteria;Rhodobacterales;Rhodobacteraceae;uncultured;uncultured Rhodobacter sp.
MAG_ENA_CBDBNP010000006_CBDBNP010000006.1|ENA|CBDBNP010000006|CBDBNP010000006.1|16S|151555-153050	0.983	HE985095.1.1493	Bacteria;Chloroflexi;Dehalococcoidia;SAR202 clade;uncultured bacterium
MAG_ENA_CBDBNP010000006_CBDBNP010000006.1|ENA|CBDBNP010000006|CBDBNP010000006.1|16S|151563-153048	0.983	HE985095.1.1493	Bacteria;Chloroflexi;Dehalococcoidia;SAR202 clade;uncultured bacterium
MAG_ENA_FREU01000005_FREU01000005.1|ENA|FREU01000005|FREU01000005.1|16S|4-421	0.983	FJ716873.1.1460	Bacteria;Proteobacteria;Alphaproteobacteria;Rhodobacterales;Rhodobacteraceae;Thalassobius;uncultured bacterium
MAG_ENA_OY760886_OY760886.1|ENA|OY760886|OY760886.1|16S|62346-63804	0.983	FJ529292.1.1429	Bacteria;Proteobacteria;Alphaproteobacteria;Rhodobacterales;Rhodobacteraceae;uncultured;uncultured Rhodobacter sp.
MAG_ENA_OY760886_OY760886.1|ENA|OY760886|OY760886.1|16S|62355-63802	0.983	FJ529292.1.1429	Bacteria;Proteobacteria;Alphaproteobacteria;Rhodobacterales;Rhodobacteraceae;uncultured;uncultured Rhodobacter sp.
MAG_ENA_OZ242378_OZ242378.1|ENA|OZ242378|OZ242378.1|16S|1464729-1466227	0.983	JQ612185.1.1465	Bacteria;Chloroflexi;Dehalococcoidia;SAR202 clade;uncultured bacterium
MAG_ENA_OZ242378_OZ242378.1|ENA|OZ242378|OZ242378.1|16S|1464737-1466225	0.983	JQ612185.1.1465	Bacteria;Chloroflexi;Dehalococcoidia;SAR202 clade;uncultured bacterium
odSpoOffi2.metagenome.1.primary|ctg21210l|16S|62346-63804	0.983	FJ529292.1.1429	Bacteria;Proteobacteria;Alphaproteobacteria;Rhodobacterales;Rhodobacteraceae;uncultured;uncultured Rhodobacter sp.
odSpoOffi2.metagenome.1.primary|ctg21385l|16S|469771-471313	0.983	JN126055.1.1509	Bacteria;Proteobacteria;Gammaproteobacteria;Nitrosococcales;Nitrosococcaceae;AqS1;uncultured bacterium
odSpoOffi2.metagenome.1.primary|ctg21501l|16S|204896-206392	0.983	JX280351.1.1436	Bacteria;Proteobacteria;Alphaproteobacteria;Rhodospirillales;Magnetospiraceae;uncultured;uncultured bacterium
odSpoOffi2.metagenome.1.primary|ctg21635l|16S|1772970-1773389	0.983	AJ703888.1.1783	Eukaryota;Amorphea;Obazoa;Opisthokonta;Holozoa;Choanozoa;Metazoa;Porifera;Demospongiae;Dictyoceratida;Ircinia felix felix
odSpoOffi2.metagenome.1.primary|ctg21210l|16S|62355-63802	0.983	FJ529292.1.1429	Bacteria;Proteobacteria;Alphaproteobacteria;Rhodobacterales;Rhodobacteraceae;uncultured;uncultured Rhodobacter sp.
odSpoOffi2.metagenome.1.primary|ctg21385l|16S|469779-471311	0.983	JN126055.1.1509	Bacteria;Proteobacteria;Gammaproteobacteria;Nitrosococcales;Nitrosococcaceae;AqS1;uncultured bacterium
odSpoOffi2.metagenome.1.primary|ctg21501l|16S|204898-206384	0.983	JX280351.1.1436	Bacteria;Proteobacteria;Alphaproteobacteria;Rhodospirillales;Magnetospiraceae;uncultured;uncultured bacterium
MAG_ENA_CAXXDD010000002_CAXXDD010000002.1|ENA|CAXXDD010000002|CAXXDD010000002.1|16S|1711842-1713400	0.982	JX280350.1.1483	Bacteria;Gemmatimonadota;BD2-11 terrestrial group;uncultured bacterium
MAG_ENA_CAXXDD010000002_CAXXDD010000002.1|ENA|CAXXDD010000002|CAXXDD010000002.1|16S|1711851-1713398	0.982	JX280350.1.1483	Bacteria;Gemmatimonadota;BD2-11 terrestrial group;uncultured bacterium
MAG_ENA_CAXXGU010000004_CAXXGU010000004.1|ENA|CAXXGU010000004|CAXXGU010000004.1|18S|4370305-4371180	0.982	AY713479.12035.13581	Bacteria;Poribacteria;uncultured Poribacteria bacterium 64K2
MAG_ENA_CAXXKM010000003_CAXXKM010000003.1|ENA|CAXXKM010000003|CAXXKM010000003.1|16S|83886-85445	0.982	HQ270243.1.1525	Bacteria;Gemmatimonadota;BD2-11 terrestrial group;uncultured bacterium
MAG_ENA_CAXXKM010000003_CAXXKM010000003.1|ENA|CAXXKM010000003|CAXXKM010000003.1|16S|83896-85443	0.982	HQ270243.1.1525	Bacteria;Gemmatimonadota;BD2-11 terrestrial group;uncultured bacterium
MAG_ENA_CAXXOI010000012_CAXXOI010000012.1|ENA|CAXXOI010000012|CAXXOI010000012.1|16S|32468-33963	0.982	JN126206.1.1463	Bacteria;Chloroflexi;Dehalococcoidia;SAR202 clade;uncultured bacterium
MAG_ENA_CAXXOI010000012_CAXXOI010000012.1|ENA|CAXXOI010000012|CAXXOI010000012.1|16S|32476-33961	0.982	JN126206.1.1463	Bacteria;Chloroflexi;Dehalococcoidia;SAR202 clade;uncultured bacterium
MAG_ENA_CBDBPM010000002_CBDBPM010000002.1|ENA|CBDBPM010000002|CBDBPM010000002.1|18S|1651798-1652673	0.982	AY713479.12035.13581	Bacteria;Poribacteria;uncultured Poribacteria bacterium 64K2
MAG_ENA_OY759747_OY759747.1|ENA|OY759747|OY759747.1|16S|3328812-3330365	0.982	HE985106.1.1484	Bacteria;Spirochaetota;Spirochaetia;Spirochaetales;Spirochaetaceae;Spirochaeta;uncultured bacterium
MAG_ENA_OY760965_OY760965.1|ENA|OY760965|OY760965.1|16S|32468-33963	0.982	JN126206.1.1463	Bacteria;Chloroflexi;Dehalococcoidia;SAR202 clade;uncultured bacterium
MAG_ENA_OY760965_OY760965.1|ENA|OY760965|OY760965.1|16S|32476-33961	0.982	JN126206.1.1463	Bacteria;Chloroflexi;Dehalococcoidia;SAR202 clade;uncultured bacterium
MAG_ENA_OY761448_OY761448.1|ENA|OY761448|OY761448.1|16S|83896-85443	0.982	HQ270243.1.1525	Bacteria;Gemmatimonadota;BD2-11 terrestrial group;uncultured bacterium
MAG_ENA_OY761448_OY761448.1|ENA|OY761448|OY761448.1|16S|83886-85445	0.982	HQ270243.1.1525	Bacteria;Gemmatimonadota;BD2-11 terrestrial group;uncultured bacterium
MAG_ENA_OY762011_OY762011.1|ENA|OY762011|OY762011.1|18S|4370305-4371180	0.982	AY713479.12035.13581	Bacteria;Poribacteria;uncultured Poribacteria bacterium 64K2
MAG_ENA_OZ242324_OZ242324.1|ENA|OZ242324|OZ242324.1|16S|1299480-1301038	0.982	HQ270243.1.1525	Bacteria;Gemmatimonadota;BD2-11 terrestrial group;uncultured bacterium
MAG_ENA_OZ242324_OZ242324.1|ENA|OZ242324|OZ242324.1|16S|1299490-1301036	0.982	HQ270243.1.1525	Bacteria;Gemmatimonadota;BD2-11 terrestrial group;uncultured bacterium
MAG_ENA_OZ242350_OZ242350.1|ENA|OZ242350|OZ242350.1|16S|1630584-1632082	0.982	JQ612181.1.1464	Bacteria;Chloroflexi;Dehalococcoidia;SAR202 clade;uncultured bacterium
MAG_ENA_OZ242350_OZ242350.1|ENA|OZ242350|OZ242350.1|16S|1630592-1632080	0.982	JQ612181.1.1464	Bacteria;Chloroflexi;Dehalococcoidia;SAR202 clade;uncultured bacterium
MAG_ENA_UNRH01000016_UNRH01000016.1|ENA|UNRH01000016|UNRH01000016.1|16S|38066-38462	0.982	CP025616.1385874.1387402	Bacteria;Actinobacteriota;Actinobacteria;Micrococcales;Micrococcaceae;Micrococcus;Micrococcus luteus
odSpoOffi2.metagenome.1.primary|ctg15266l|16S|2183-3725	0.982	JX280173.1.1468	Bacteria;Proteobacteria;Gammaproteobacteria;Nitrosococcales;Nitrosococcaceae;AqS1;uncultured bacterium
odSpoOffi2.metagenome.1.primary|ctg19307l|16S|22684-24183	0.982	JX206630.1.1464	Bacteria;Chloroflexi;Anaerolineae;SBR1031;A4b;uncultured bacterium
odSpoOffi2.metagenome.1.primary|ctg20417l|16S|32468-33963	0.982	JN126206.1.1463	Bacteria;Chloroflexi;Dehalococcoidia;SAR202 clade;uncultured bacterium
odSpoOffi2.metagenome.1.primary|ctg21520l|16S|83886-85445	0.982	HQ270243.1.1525	Bacteria;Gemmatimonadota;BD2-11 terrestrial group;uncultured bacterium
odSpoOffi2.metagenome.1.primary|ctg21589l|16S|1711842-1713400	0.982	JX280350.1.1483	Bacteria;Gemmatimonadota;BD2-11 terrestrial group;uncultured bacterium
odSpoOffi2.metagenome.1.primary|ctg21668c|16S|3328812-3330365	0.982	HE985106.1.1484	Bacteria;Spirochaetota;Spirochaetia;Spirochaetales;Spirochaetaceae;Spirochaeta;uncultured bacterium
odSpoOffi2.metagenome.1.primary|ctg15266l|16S|2191-3723	0.982	JX280173.1.1468	Bacteria;Proteobacteria;Gammaproteobacteria;Nitrosococcales;Nitrosococcaceae;AqS1;uncultured bacterium
odSpoOffi2.metagenome.1.primary|ctg19307l|16S|22693-24181	0.982	JX206630.1.1464	Bacteria;Chloroflexi;Anaerolineae;SBR1031;A4b;uncultured bacterium
odSpoOffi2.metagenome.1.primary|ctg20417l|16S|32476-33961	0.982	JN126206.1.1463	Bacteria;Chloroflexi;Dehalococcoidia;SAR202 clade;uncultured bacterium
odSpoOffi2.metagenome.1.primary|ctg21520l|16S|83896-85443	0.982	HQ270243.1.1525	Bacteria;Gemmatimonadota;BD2-11 terrestrial group;uncultured bacterium
odSpoOffi2.metagenome.1.primary|ctg21589l|16S|1711851-1713398	0.982	JX280350.1.1483	Bacteria;Gemmatimonadota;BD2-11 terrestrial group;uncultured bacterium
odSpoOffi2.metagenome.1.primary|ctg15665l|18S|4458-5333	0.982	HF912748.1.1509	Bacteria;Acidobacteriota;Vicinamibacteria;Vicinamibacterales;uncultured;uncultured bacterium
odSpoOffi2.metagenome.1.primary|ctg16708l|18S|8291-9166	0.982	AY713479.12035.13581	Bacteria;Poribacteria;uncultured Poribacteria bacterium 64K2
odSpoOffi2.metagenome.1.primary|ctg21653l|18S|4888997-4889871	0.982	JQ612254.1.1505	Bacteria;Spirochaetota;Spirochaetia;Spirochaetales;Spirochaetaceae;Spirochaeta;uncultured bacterium
odSpoOffi2.metagenome.1.primary|ctg21667l|18S|4370305-4371180	0.982	AY713479.12035.13581	Bacteria;Poribacteria;uncultured Poribacteria bacterium 64K2
MAG_ENA_CBDBQL010000005_CBDBQL010000005.1|ENA|CBDBQL010000005|CBDBQL010000005.1|16S|1347295-1348853	0.981	JX280350.1.1483	Bacteria;Gemmatimonadota;BD2-11 terrestrial group;uncultured bacterium
MAG_ENA_CBDBQL010000005_CBDBQL010000005.1|ENA|CBDBQL010000005|CBDBQL010000005.1|16S|1347297-1348844	0.981	JX280350.1.1483	Bacteria;Gemmatimonadota;BD2-11 terrestrial group;uncultured bacterium
MAG_ENA_OY759412_OY759412.1|ENA|OY759412|OY759412.1|16S|648378-649889	0.981	JN596759.1.1443	Bacteria;Poribacteria;uncultured Clostridium sp.
MAG_ENA_OY760694_OY760694.1|ENA|OY760694|OY760694.1|18S|2312463-2313345	0.981	JQ612222.1.1492	Bacteria;Actinobacteriota;Acidimicrobiia;Actinomarinales;uncultured;uncultured bacterium
MAG_ENA_OY762409_OY762409.1|ENA|OY762409|OY762409.1|16S|1599718-1601213	0.981	HE985083.1.1495	Bacteria;Chloroflexi;Dehalococcoidia;SAR202 clade;uncultured bacterium
MAG_ENA_OZ242313_OZ242313.1|ENA|OZ242313|OZ242313.1|16S|1693163-1694703	0.981	JQ612254.1.1505	Bacteria;Spirochaetota;Spirochaetia;Spirochaetales;Spirochaetaceae;Spirochaeta;uncultured bacterium
MAG_ENA_OZ242313_OZ242313.1|ENA|OZ242313|OZ242313.1|16S|1693172-1694701	0.981	JQ612254.1.1505	Bacteria;Spirochaetota;Spirochaetia;Spirochaetales;Spirochaetaceae;Spirochaeta;uncultured bacterium
MAG_ENA_OZ242350_OZ242350.1|ENA|OZ242350|OZ242350.1|18S|1631205-1632074	0.981	AF186417.1.1461	Bacteria;Chloroflexi;Dehalococcoidia;SAR202 clade;uncultured sponge symbiont PAWS52f
odSpoOffi2.metagenome.1.primary|ctg21618c|16S|1599718-1601213	0.981	HE985083.1.1495	Bacteria;Chloroflexi;Dehalococcoidia;SAR202 clade;uncultured bacterium
odSpoOffi2.metagenome.1.primary|ctg21635l|16S|1772964-1773389	0.981	AJ703888.1.1783	Eukaryota;Amorphea;Obazoa;Opisthokonta;Holozoa;Choanozoa;Metazoa;Porifera;Demospongiae;Dictyoceratida;Ircinia felix felix
odSpoOffi2.metagenome.1.primary|ctg21645l|16S|648378-649889	0.981	JN596759.1.1443	Bacteria;Poribacteria;uncultured Clostridium sp.
odSpoOffi2.metagenome.1.primary|ctg21620c|18S|2312463-2313345	0.981	JQ612222.1.1492	Bacteria;Actinobacteriota;Acidimicrobiia;Actinomarinales;uncultured;uncultured bacterium
MAG_ENA_FKJK01000003_FKJK01000003.1|ENA|FKJK01000003|FKJK01000003.1|16S|9-459	0.980	GQ866083.1.1501	Bacteria;Proteobacteria;Gammaproteobacteria;Alteromonadales;Shewanellaceae;Shewanella;uncultured bacterium
MAG_ENA_FZLS01000019_FZLS01000019.1|ENA|FZLS01000019|FZLS01000019.1|16S|5138-6590	0.980	ARST01000008.58338.59784	Bacteria;Proteobacteria;Alphaproteobacteria;Rhodobacterales;Rhodobacteraceae;Amylibacter;alpha proteobacterium SCGC AAA076-C03
MAG_ENA_FZLS01000019_FZLS01000019.1|ENA|FZLS01000019|FZLS01000019.1|16S|5136-6599	0.980	ARST01000008.58338.59784	Bacteria;Proteobacteria;Alphaproteobacteria;Rhodobacterales;Rhodobacteraceae;Amylibacter;alpha proteobacterium SCGC AAA076-C03
MAG_ENA_OY761535_OY761535.1|ENA|OY761535|OY761535.1|16S|2972677-2974175	0.980	JX206712.1.1505	Bacteria;Proteobacteria;Gammaproteobacteria;UBA10353 marine group;uncultured bacterium
MAG_ENA_OY761535_OY761535.1|ENA|OY761535|OY761535.1|16S|2972637-2974176	0.980	JX206712.1.1505	Bacteria;Proteobacteria;Gammaproteobacteria;UBA10353 marine group;uncultured bacterium
MAG_ENA_OZ242306_OZ242306.1|ENA|OZ242306|OZ242306.1|18S|1844130-1844996	0.980	JX206633.1.1464	Bacteria;Chloroflexi;Anaerolineae;SBR1031;A4b;uncultured bacterium
MAG_ENA_OZ242306_OZ242306.1|ENA|OZ242306|OZ242306.1|18S|2355332-2356198	0.980	JX206633.1.1464	Bacteria;Chloroflexi;Anaerolineae;SBR1031;A4b;uncultured bacterium
odSpoOffi2.metagenome.1.primary|ctg20056l|16S|16175-17691	0.980	FJ229925.1.1483	Bacteria;Actinobacteriota;Acidimicrobiia;Microtrichales;Microtrichaceae;Sva0996 marine group;uncultured actinobacterium
odSpoOffi2.metagenome.1.primary|ctg21451l|16S|928735-930251	0.980	FJ229925.1.1483	Bacteria;Actinobacteriota;Acidimicrobiia;Microtrichales;Microtrichaceae;Sva0996 marine group;uncultured actinobacterium
odSpoOffi2.metagenome.1.primary|ctg21602c|16S|2972637-2974176	0.980	JX206712.1.1505	Bacteria;Proteobacteria;Gammaproteobacteria;UBA10353 marine group;uncultured bacterium
odSpoOffi2.metagenome.1.primary|ctg21653l|16S|4888342-4889879	0.980	JQ612254.1.1505	Bacteria;Spirochaetota;Spirochaetia;Spirochaetales;Spirochaetaceae;Spirochaeta;uncultured bacterium
odSpoOffi2.metagenome.1.primary|ctg20056l|16S|16183-17689	0.980	FJ229925.1.1483	Bacteria;Actinobacteriota;Acidimicrobiia;Microtrichales;Microtrichaceae;Sva0996 marine group;uncultured actinobacterium
odSpoOffi2.metagenome.1.primary|ctg21451l|16S|928737-930243	0.980	FJ229925.1.1483	Bacteria;Actinobacteriota;Acidimicrobiia;Microtrichales;Microtrichaceae;Sva0996 marine group;uncultured actinobacterium
odSpoOffi2.metagenome.1.primary|ctg21602c|16S|2972677-2974175	0.980	JX206712.1.1505	Bacteria;Proteobacteria;Gammaproteobacteria;UBA10353 marine group;uncultured bacterium
odSpoOffi2.metagenome.1.primary|ctg21631c|16S|731418-732966	0.980	GU118605.1.1484	Bacteria;Gemmatimonadota;BD2-11 terrestrial group;uncultured bacterium
odSpoOffi2.metagenome.1.primary|ctg21635l|16S|1977475-1978110	0.980	AF246616.1.1800	Eukaryota;Amorphea;Obazoa;Opisthokonta;Holozoa;Choanozoa;Metazoa;Porifera;Demospongiae;Dictyoceratida;Hippospongia communis (horse sponge)
odSpoOffi2.metagenome.1.primary|ctg21635l|16S|1978366-1979136	0.980	KC902361.1.1307	Eukaryota;Amorphea;Obazoa;Opisthokonta;Holozoa;Choanozoa;Metazoa;Porifera;Demospongiae;Dictyoceratida;Luffariella variabilis
odSpoOffi2.metagenome.1.primary|ctg21653l|16S|4888351-4889877	0.980	JQ612254.1.1505	Bacteria;Spirochaetota;Spirochaetia;Spirochaetales;Spirochaetaceae;Spirochaeta;uncultured bacterium
odSpoOffi2.metagenome.1.primary|ctg12905l|18S|8575-9453	0.980	HG423497.1.1498	Bacteria;Proteobacteria;Gammaproteobacteria;KI89A clade;uncultured bacterium
odSpoOffi2.metagenome.1.primary|ctg21067l|18S|28496-29373	0.980	JQ612223.1.1482	Bacteria;Proteobacteria;Alphaproteobacteria;Defluviicoccales;uncultured;uncultured bacterium
odSpoOffi2.metagenome.1.primary|ctg21172l|18S|111298-112173	0.980	HE817786.1.1450	Bacteria;Proteobacteria;Gammaproteobacteria;Burkholderiales;EC94;uncultured bacterium
MAG_ENA_CAXXGU010000004_CAXXGU010000004.1|ENA|CAXXGU010000004|CAXXGU010000004.1|16S|4369639-4371188	0.979	AY713479.12035.13581	Bacteria;Poribacteria;uncultured Poribacteria bacterium 64K2
MAG_ENA_CAXXJN010000052_CAXXJN010000052.1|ENA|CAXXJN010000052|CAXXJN010000052.1|18S|208652-209525	0.979	HG423462.1.1425	Bacteria;Proteobacteria;Alphaproteobacteria;AT-s3-44;uncultured bacterium
MAG_ENA_CAXXKY010000004_CAXXKY010000004.1|ENA|CAXXKY010000004|CAXXKY010000004.1|16S|16291-17787	0.979	HE985095.1.1493	Bacteria;Chloroflexi;Dehalococcoidia;SAR202 clade;uncultured bacterium
MAG_ENA_CAXXKY010000004_CAXXKY010000004.1|ENA|CAXXKY010000004|CAXXKY010000004.1|16S|16300-17785	0.979	HE985095.1.1493	Bacteria;Chloroflexi;Dehalococcoidia;SAR202 clade;uncultured bacterium
MAG_ENA_CAXXYI010000001_CAXXYI010000001.1|ENA|CAXXYI010000001|CAXXYI010000001.1|18S|29149-30004	0.979	FJ900348.1.1407	Bacteria;Chloroflexi;JG30-KF-CM66;uncultured bacterium
MAG_ENA_CBDBNW010000030_CBDBNW010000030.1|ENA|CBDBNW010000030|CBDBNW010000030.1|18S|222851-223706	0.979	FJ900348.1.1407	Bacteria;Chloroflexi;JG30-KF-CM66;uncultured bacterium
MAG_ENA_OY760616_OY760616.1|ENA|OY760616|OY760616.1|18S|208652-209525	0.979	HG423462.1.1425	Bacteria;Proteobacteria;Alphaproteobacteria;AT-s3-44;uncultured bacterium
MAG_ENA_OY762011_OY762011.1|ENA|OY762011|OY762011.1|16S|4369639-4371188	0.979	AY713479.12035.13581	Bacteria;Poribacteria;uncultured Poribacteria bacterium 64K2
MAG_ENA_OY762274_OY762274.1|ENA|OY762274|OY762274.1|16S|560798-562341	0.979	JX280292.1.1460	Bacteria;Proteobacteria;Gammaproteobacteria;Oceanospirillales;Pseudohongiellaceae;Pseudohongiella;uncultured bacterium
MAG_ENA_OY762274_OY762274.1|ENA|OY762274|OY762274.1|16S|560838-562340	0.979	JX280292.1.1460	Bacteria;Proteobacteria;Gammaproteobacteria;Oceanospirillales;Pseudohongiellaceae;Pseudohongiella;uncultured bacterium
MAG_ENA_OY764064_OY764064.1|ENA|OY764064|OY764064.1|18S|29149-30004	0.979	FJ900348.1.1407	Bacteria;Chloroflexi;JG30-KF-CM66;uncultured bacterium
MAG_ENA_OZ242363_OZ242363.1|ENA|OZ242363|OZ242363.1|16S|850016-851532	0.979	FJ229925.1.1483	Bacteria;Actinobacteriota;Acidimicrobiia;Microtrichales;Microtrichaceae;Sva0996 marine group;uncultured actinobacterium
MAG_ENA_OZ242363_OZ242363.1|ENA|OZ242363|OZ242363.1|16S|850018-851524	0.979	FJ229925.1.1483	Bacteria;Actinobacteriota;Acidimicrobiia;Microtrichales;Microtrichaceae;Sva0996 marine group;uncultured actinobacterium
odSpoOffi2.metagenome.1.primary|ctg21172l|16S|110644-112180	0.979	HE817786.1.1450	Bacteria;Proteobacteria;Gammaproteobacteria;Burkholderiales;EC94;uncultured bacterium
odSpoOffi2.metagenome.1.primary|ctg21388l|16S|16291-17787	0.979	HE985095.1.1493	Bacteria;Chloroflexi;Dehalococcoidia;SAR202 clade;uncultured bacterium
odSpoOffi2.metagenome.1.primary|ctg21601c|16S|560798-562341	0.979	JX280292.1.1460	Bacteria;Proteobacteria;Gammaproteobacteria;Oceanospirillales;Pseudohongiellaceae;Pseudohongiella;uncultured bacterium
odSpoOffi2.metagenome.1.primary|ctg21635l|16S|1978367-1979102	0.979	KC902361.1.1307	Eukaryota;Amorphea;Obazoa;Opisthokonta;Holozoa;Choanozoa;Metazoa;Porifera;Demospongiae;Dictyoceratida;Luffariella variabilis
odSpoOffi2.metagenome.1.primary|ctg21667l|16S|4369639-4371188	0.979	AY713479.12035.13581	Bacteria;Poribacteria;uncultured Poribacteria bacterium 64K2
odSpoOffi2.metagenome.1.primary|ctg21172l|16S|110652-112179	0.979	HE817786.1.1450	Bacteria;Proteobacteria;Gammaproteobacteria;Burkholderiales;EC94;uncultured bacterium
odSpoOffi2.metagenome.1.primary|ctg21388l|16S|16300-17785	0.979	HE985095.1.1493	Bacteria;Chloroflexi;Dehalococcoidia;SAR202 clade;uncultured bacterium
odSpoOffi2.metagenome.1.primary|ctg21601c|16S|560838-562340	0.979	JX280292.1.1460	Bacteria;Proteobacteria;Gammaproteobacteria;Oceanospirillales;Pseudohongiellaceae;Pseudohongiella;uncultured bacterium
odSpoOffi2.metagenome.1.primary|ctg16107l|18S|2850-3725	0.979	KY194401.1.1530	Bacteria;Acidobacteriota;Vicinamibacteria;Vicinamibacterales;uncultured;uncultured bacterium
odSpoOffi2.metagenome.1.primary|ctg18376l|18S|13157-14033	0.979	HE817786.1.1450	Bacteria;Proteobacteria;Gammaproteobacteria;Burkholderiales;EC94;uncultured bacterium
odSpoOffi2.metagenome.1.primary|ctg21070l|18S|208652-209525	0.979	HG423462.1.1425	Bacteria;Proteobacteria;Alphaproteobacteria;AT-s3-44;uncultured bacterium
odSpoOffi2.metagenome.1.primary|ctg21485l|18S|29149-30004	0.979	FJ900348.1.1407	Bacteria;Chloroflexi;JG30-KF-CM66;uncultured bacterium
odSpoOffi2.metagenome.1.primary|ctg6269l|18S|2433-3315	0.979	JQ612242.1.1490	Bacteria;Actinobacteriota;Acidimicrobiia;Actinomarinales;uncultured;uncultured bacterium
MAG_ENA_CAXXGT010000004_CAXXGT010000004.1|ENA|CAXXGT010000004|CAXXGT010000004.1|18S|62947-63796	0.978	JN126241.1.1426	Bacteria;Proteobacteria;Alphaproteobacteria;Rhodobacterales;Rhodobacteraceae;uncultured bacterium
MAG_ENA_CAXXGU010000004_CAXXGU010000004.1|ENA|CAXXGU010000004|CAXXGU010000004.1|16S|4369677-4371186	0.978	AY713479.12035.13581	Bacteria;Poribacteria;uncultured Poribacteria bacterium 64K2
MAG_ENA_CAXXLJ010000002_CAXXLJ010000002.1|ENA|CAXXLJ010000002|CAXXLJ010000002.1|16S|645112-646576	0.978	KX950759.1.1471	Archaea;Crenarchaeota;Nitrososphaeria;Nitrosopumilales;Nitrosopumilaceae;Candidatus Nitrosopumilus;Nitrosopumilus ureiphilus
MAG_ENA_CAXXLJ010000002_CAXXLJ010000002.1|ENA|CAXXLJ010000002|CAXXLJ010000002.1|16S|645113-646582	0.978	KX950759.1.1471	Archaea;Crenarchaeota;Nitrososphaeria;Nitrosopumilales;Nitrosopumilaceae;Candidatus Nitrosopumilus;Nitrosopumilus ureiphilus
MAG_ENA_CBDBPM010000002_CBDBPM010000002.1|ENA|CBDBPM010000002|CBDBPM010000002.1|16S|1651132-1652681	0.978	AY713479.12035.13581	Bacteria;Poribacteria;uncultured Poribacteria bacterium 64K2
MAG_ENA_OY760886_OY760886.1|ENA|OY760886|OY760886.1|18S|62947-63796	0.978	JN126241.1.1426	Bacteria;Proteobacteria;Alphaproteobacteria;Rhodobacterales;Rhodobacteraceae;uncultured bacterium
MAG_ENA_OY762011_OY762011.1|ENA|OY762011|OY762011.1|16S|4369677-4371186	0.978	AY713479.12035.13581	Bacteria;Poribacteria;uncultured Poribacteria bacterium 64K2
MAG_ENA_OY762706_OY762706.1|ENA|OY762706|OY762706.1|16S|1938349-1939892	0.978	JX280292.1.1460	Bacteria;Proteobacteria;Gammaproteobacteria;Oceanospirillales;Pseudohongiellaceae;Pseudohongiella;uncultured bacterium
MAG_ENA_OY762706_OY762706.1|ENA|OY762706|OY762706.1|16S|1938350-1939852	0.978	JX280292.1.1460	Bacteria;Proteobacteria;Gammaproteobacteria;Oceanospirillales;Pseudohongiellaceae;Pseudohongiella;uncultured bacterium
MAG_ENA_OY763324_OY763324.1|ENA|OY763324|OY763324.1|16S|2341379-2342926	0.978	APGO01000272.5528.7050	Bacteria;Poribacteria;Candidatus Poribacteria sp. WGA-4C
MAG_ENA_OZ242273_OZ242273.1|ENA|OZ242273|OZ242273.1|18S|1150216-1151097	0.978	JX280155.1.1511	Bacteria;Gemmatimonadota;BD2-11 terrestrial group;uncultured bacterium
odSpoOffi2.metagenome.1.primary|ctg16708l|16S|7625-9174	0.978	AY713479.12035.13581	Bacteria;Poribacteria;uncultured Poribacteria bacterium 64K2
odSpoOffi2.metagenome.1.primary|ctg18376l|16S|13150-14687	0.978	HE817786.1.1450	Bacteria;Proteobacteria;Gammaproteobacteria;Burkholderiales;EC94;uncultured bacterium
odSpoOffi2.metagenome.1.primary|ctg21567l|16S|645112-646576	0.978	KX950759.1.1471	Archaea;Crenarchaeota;Nitrososphaeria;Nitrosopumilales;Nitrosopumilaceae;Candidatus Nitrosopumilus;Nitrosopumilus ureiphilus
odSpoOffi2.metagenome.1.primary|ctg21611c|16S|1938349-1939892	0.978	JX280292.1.1460	Bacteria;Proteobacteria;Gammaproteobacteria;Oceanospirillales;Pseudohongiellaceae;Pseudohongiella;uncultured bacterium
odSpoOffi2.metagenome.1.primary|ctg21631c|16S|731416-732975	0.978	JQ612287.1.1523	Bacteria;Gemmatimonadota;BD2-11 terrestrial group;uncultured bacterium
odSpoOffi2.metagenome.1.primary|ctg21637c|16S|2341379-2342926	0.978	APGO01000272.5528.7050	Bacteria;Poribacteria;Candidatus Poribacteria sp. WGA-4C
odSpoOffi2.metagenome.1.primary|ctg21671l|16S|5228098-5229608	0.978	EF076083.1.1472	Bacteria;Chloroflexi;Dehalococcoidia;SAR202 clade;uncultured Chloroflexi bacterium
odSpoOffi2.metagenome.1.primary|ctg18376l|16S|13151-14679	0.978	HE817786.1.1450	Bacteria;Proteobacteria;Gammaproteobacteria;Burkholderiales;EC94;uncultured bacterium
odSpoOffi2.metagenome.1.primary|ctg21567l|16S|645113-646582	0.978	KX950759.1.1471	Archaea;Crenarchaeota;Nitrososphaeria;Nitrosopumilales;Nitrosopumilaceae;Candidatus Nitrosopumilus;Nitrosopumilus ureiphilus
odSpoOffi2.metagenome.1.primary|ctg21611c|16S|1938350-1939852	0.978	JX280292.1.1460	Bacteria;Proteobacteria;Gammaproteobacteria;Oceanospirillales;Pseudohongiellaceae;Pseudohongiella;uncultured bacterium
odSpoOffi2.metagenome.1.primary|ctg21635l|16S|109511-110152	0.978	AF246616.1.1800	Eukaryota;Amorphea;Obazoa;Opisthokonta;Holozoa;Choanozoa;Metazoa;Porifera;Demospongiae;Dictyoceratida;Hippospongia communis (horse sponge)
odSpoOffi2.metagenome.1.primary|ctg21667l|16S|4369677-4371186	0.978	AY713479.12035.13581	Bacteria;Poribacteria;uncultured Poribacteria bacterium 64K2
odSpoOffi2.metagenome.1.primary|ctg21671l|16S|5228100-5229600	0.978	EF076083.1.1472	Bacteria;Chloroflexi;Dehalococcoidia;SAR202 clade;uncultured Chloroflexi bacterium
odSpoOffi2.metagenome.1.primary|ctg21210l|18S|62947-63796	0.978	JN126241.1.1426	Bacteria;Proteobacteria;Alphaproteobacteria;Rhodobacterales;Rhodobacteraceae;uncultured bacterium
odSpoOffi2.metagenome.1.primary|ctg21635l|18S|109509-111286	0.978	AF246616.1.1800	Eukaryota;Amorphea;Obazoa;Opisthokonta;Holozoa;Choanozoa;Metazoa;Porifera;Demospongiae;Dictyoceratida;Hippospongia communis (horse sponge)
MAG_ENA_CAXXTM010000002_CAXXTM010000002.1|ENA|CAXXTM010000002|CAXXTM010000002.1|18S|686617-687483	0.977	JX206588.1.1466	Bacteria;Chloroflexi;Anaerolineae;SBR1031;A4b;uncultured bacterium
MAG_ENA_CAXXTM010000002_CAXXTM010000002.1|ENA|CAXXTM010000002|CAXXTM010000002.1|18S|1207305-1208171	0.977	JX206588.1.1466	Bacteria;Chloroflexi;Anaerolineae;SBR1031;A4b;uncultured bacterium
MAG_ENA_CAXXYI010000001_CAXXYI010000001.1|ENA|CAXXYI010000001|CAXXYI010000001.1|16S|28530-30012	0.977	FJ900348.1.1407	Bacteria;Chloroflexi;JG30-KF-CM66;uncultured bacterium
MAG_ENA_CAXXYI010000001_CAXXYI010000001.1|ENA|CAXXYI010000001|CAXXYI010000001.1|16S|28539-30010	0.977	FJ900348.1.1407	Bacteria;Chloroflexi;JG30-KF-CM66;uncultured bacterium
MAG_ENA_CBDBNW010000030_CBDBNW010000030.1|ENA|CBDBNW010000030|CBDBNW010000030.1|16S|222843-224325	0.977	FJ900348.1.1407	Bacteria;Chloroflexi;JG30-KF-CM66;uncultured bacterium
MAG_ENA_CBDBNW010000030_CBDBNW010000030.1|ENA|CBDBNW010000030|CBDBNW010000030.1|16S|222845-224316	0.977	FJ900348.1.1407	Bacteria;Chloroflexi;JG30-KF-CM66;uncultured bacterium
MAG_ENA_CBDBPM010000002_CBDBPM010000002.1|ENA|CBDBPM010000002|CBDBPM010000002.1|16S|1651169-1652679	0.977	AY713479.12035.13581	Bacteria;Poribacteria;uncultured Poribacteria bacterium 64K2
MAG_ENA_CBDBQC010000004_CBDBQC010000004.1|ENA|CBDBQC010000004|CBDBQC010000004.1|18S|190611-191466	0.977	JN596666.1.1394	Bacteria;Chloroflexi;TK17;uncultured Chloroflexi bacterium
MAG_ENA_OY760426_OY760426.1|ENA|OY760426|OY760426.1|18S|686617-687483	0.977	JX206588.1.1466	Bacteria;Chloroflexi;Anaerolineae;SBR1031;A4b;uncultured bacterium
MAG_ENA_OY760426_OY760426.1|ENA|OY760426|OY760426.1|18S|1207305-1208171	0.977	JX206588.1.1466	Bacteria;Chloroflexi;Anaerolineae;SBR1031;A4b;uncultured bacterium
MAG_ENA_OY763324_OY763324.1|ENA|OY763324|OY763324.1|16S|2341381-2342888	0.977	APGO01000272.5528.7050	Bacteria;Poribacteria;Candidatus Poribacteria sp. WGA-4C
MAG_ENA_OY764064_OY764064.1|ENA|OY764064|OY764064.1|16S|28530-30012	0.977	FJ900348.1.1407	Bacteria;Chloroflexi;JG30-KF-CM66;uncultured bacterium
MAG_ENA_OY764064_OY764064.1|ENA|OY764064|OY764064.1|16S|28539-30010	0.977	FJ900348.1.1407	Bacteria;Chloroflexi;JG30-KF-CM66;uncultured bacterium
odSpoOffi2.metagenome.1.primary|ctg21485l|16S|28530-30012	0.977	FJ900348.1.1407	Bacteria;Chloroflexi;JG30-KF-CM66;uncultured bacterium
odSpoOffi2.metagenome.1.primary|ctg21624l|16S|4074306-4075854	0.977	AY713479.12035.13581	Bacteria;Poribacteria;uncultured Poribacteria bacterium 64K2
odSpoOffi2.metagenome.1.primary|ctg16708l|16S|7662-9172	0.977	AY713479.12035.13581	Bacteria;Poribacteria;uncultured Poribacteria bacterium 64K2
odSpoOffi2.metagenome.1.primary|ctg21485l|16S|28539-30010	0.977	FJ900348.1.1407	Bacteria;Chloroflexi;JG30-KF-CM66;uncultured bacterium
odSpoOffi2.metagenome.1.primary|ctg21637c|16S|2341381-2342888	0.977	APGO01000272.5528.7050	Bacteria;Poribacteria;Candidatus Poribacteria sp. WGA-4C
odSpoOffi2.metagenome.1.primary|ctg21572l|18S|686617-687483	0.977	JX206588.1.1466	Bacteria;Chloroflexi;Anaerolineae;SBR1031;A4b;uncultured bacterium
odSpoOffi2.metagenome.1.primary|ctg21572l|18S|1207305-1208171	0.977	JX206588.1.1466	Bacteria;Chloroflexi;Anaerolineae;SBR1031;A4b;uncultured bacterium
MAG_ENA_CAXXTN010000003_CAXXTN010000003.1|ENA|CAXXTN010000003|CAXXTN010000003.1|16S|255026-256536	0.976	APGO01000272.5528.7050	Bacteria;Poribacteria;Candidatus Poribacteria sp. WGA-4C
MAG_ENA_CAXXTN010000003_CAXXTN010000003.1|ENA|CAXXTN010000003|CAXXTN010000003.1|16S|254990-256538	0.976	APGO01000272.5528.7050	Bacteria;Poribacteria;Candidatus Poribacteria sp. WGA-4C
MAG_ENA_OY762648_OY762648.1|ENA|OY762648|OY762648.1|16S|255026-256536	0.976	APGO01000272.5528.7050	Bacteria;Poribacteria;Candidatus Poribacteria sp. WGA-4C
MAG_ENA_OY762648_OY762648.1|ENA|OY762648|OY762648.1|16S|254990-256538	0.976	APGO01000272.5528.7050	Bacteria;Poribacteria;Candidatus Poribacteria sp. WGA-4C
MAG_ENA_OZ242281_OZ242281.1|ENA|OZ242281|OZ242281.1|16S|2517312-2518807	0.976	FJ481340.1.1465	Bacteria;Chloroflexi;TK17;uncultured Chloroflexus sp.
MAG_ENA_OZ242281_OZ242281.1|ENA|OZ242281|OZ242281.1|16S|2517320-2518805	0.976	FJ481340.1.1465	Bacteria;Chloroflexi;TK17;uncultured Chloroflexus sp.
odSpoOffi2.metagenome.1.primary|ctg13010l|16S|3597-5157	0.976	FJ900569.1.1498	Bacteria;Entotheonellaeota;Entotheonellia;Entotheonellales;Entotheonellaceae;uncultured bacterium
odSpoOffi2.metagenome.1.primary|ctg21512l|16S|254990-256538	0.976	APGO01000272.5528.7050	Bacteria;Poribacteria;Candidatus Poribacteria sp. WGA-4C
odSpoOffi2.metagenome.1.primary|ctg6320l|16S|3442-5013	0.976	JX206514.1.1518	Bacteria;PAUC34f;uncultured bacterium
odSpoOffi2.metagenome.1.primary|ctg13010l|16S|3606-5155	0.976	FJ900569.1.1498	Bacteria;Entotheonellaeota;Entotheonellia;Entotheonellales;Entotheonellaceae;uncultured bacterium
odSpoOffi2.metagenome.1.primary|ctg21512l|16S|255026-256536	0.976	APGO01000272.5528.7050	Bacteria;Poribacteria;Candidatus Poribacteria sp. WGA-4C
odSpoOffi2.metagenome.1.primary|ctg6320l|16S|3444-5005	0.976	JX206514.1.1518	Bacteria;PAUC34f;uncultured bacterium
odSpoOffi2.metagenome.1.primary|ctg21035l|18S|232644-233523	0.976	KF286198.1.1384	Bacteria;Chloroflexi;TK10;uncultured bacterium
odSpoOffi2.metagenome.1.primary|ctg21581l|18S|63224-64082	0.976	FJ481340.1.1465	Bacteria;Chloroflexi;TK17;uncultured Chloroflexus sp.
odSpoOffi2.metagenome.1.primary|ctg21604c|18S|2102548-2103406	0.976	FJ481340.1.1465	Bacteria;Chloroflexi;TK17;uncultured Chloroflexus sp.
odSpoOffi2.metagenome.1.primary|ctg21669l|18S|2986039-2986918	0.976	KF286198.1.1384	Bacteria;Chloroflexi;TK10;uncultured bacterium
MAG_ENA_CBDBMN010000010_CBDBMN010000010.1|ENA|CBDBMN010000010|CBDBMN010000010.1|16S|1924190-1925741	0.975	JQ612302.1.1516	Bacteria;Acidobacteriota;Vicinamibacteria;Vicinamibacterales;uncultured;uncultured bacterium
MAG_ENA_OY759511_OY759511.1|ENA|OY759511|OY759511.1|18S|3633360-3634211	0.975	FJ529270.1.1430	Bacteria;Proteobacteria;Alphaproteobacteria;Rhodobacterales;Rhodobacteraceae;Albidovulum;uncultured Alphaproteobacteria bacterium
MAG_ENA_OY760135_OY760135.1|ENA|OY760135|OY760135.1|18S|1329590-1330448	0.975	FJ481340.1.1465	Bacteria;Chloroflexi;TK17;uncultured Chloroflexus sp.
MAG_ENA_OY760694_OY760694.1|ENA|OY760694|OY760694.1|16S|2312457-2313972	0.975	JQ612222.1.1492	Bacteria;Actinobacteriota;Acidimicrobiia;Actinomarinales;uncultured;uncultured bacterium
MAG_ENA_OY760694_OY760694.1|ENA|OY760694|OY760694.1|16S|2312455-2313980	0.975	JQ612222.1.1492	Bacteria;Actinobacteriota;Acidimicrobiia;Actinomarinales;uncultured;uncultured bacterium
odSpoOffi2.metagenome.1.primary|ctg21620c|16S|2312455-2313980	0.975	JQ612222.1.1492	Bacteria;Actinobacteriota;Acidimicrobiia;Actinomarinales;uncultured;uncultured bacterium
odSpoOffi2.metagenome.1.primary|ctg21660l|16S|847818-849378	0.975	FJ900569.1.1498	Bacteria;Entotheonellaeota;Entotheonellia;Entotheonellales;Entotheonellaceae;uncultured bacterium
odSpoOffi2.metagenome.1.primary|ctg21620c|16S|2312457-2313972	0.975	JQ612222.1.1492	Bacteria;Actinobacteriota;Acidimicrobiia;Actinomarinales;uncultured;uncultured bacterium
odSpoOffi2.metagenome.1.primary|ctg21660l|16S|847820-849369	0.975	FJ900569.1.1498	Bacteria;Entotheonellaeota;Entotheonellia;Entotheonellales;Entotheonellaceae;uncultured bacterium
odSpoOffi2.metagenome.1.primary|ctg21605c|18S|1329590-1330448	0.975	FJ481340.1.1465	Bacteria;Chloroflexi;TK17;uncultured Chloroflexus sp.
odSpoOffi2.metagenome.1.primary|ctg21641c|18S|3633360-3634211	0.975	FJ529270.1.1430	Bacteria;Proteobacteria;Alphaproteobacteria;Rhodobacterales;Rhodobacteraceae;Albidovulum;uncultured Alphaproteobacteria bacterium
odSpoOffi2.metagenome.1.primary|ctg6320l|18S|3450-4341	0.975	JX206514.1.1518	Bacteria;PAUC34f;uncultured bacterium
MAG_ENA_CAXXLJ010000002_CAXXLJ010000002.1|ENA|CAXXLJ010000002|CAXXLJ010000002.1|18S|646046-646582	0.974	AB301899.1.914	Archaea;Crenarchaeota;Nitrososphaeria;Nitrosopumilales;Nitrosopumilaceae;Candidatus Nitrosopumilus;uncultured marine group I thaumarchaeote
MAG_ENA_OY759969_OY759969.1|ENA|OY759969|OY759969.1|18S|1012338-1013228	0.974	JX206675.1.1513	Bacteria;Proteobacteria;Gammaproteobacteria;pItb-vmat-80;uncultured bacterium
MAG_ENA_OY760104_OY760104.1|ENA|OY760104|OY760104.1|18S|941168-942036	0.974	JN596763.1.1480	Bacteria;Chloroflexi;Dehalococcoidia;SAR202 clade;uncultured Chloroflexi bacterium
odSpoOffi2.metagenome.1.primary|ctg21565c|18S|1012338-1013228	0.974	JX206675.1.1513	Bacteria;Proteobacteria;Gammaproteobacteria;pItb-vmat-80;uncultured bacterium
odSpoOffi2.metagenome.1.primary|ctg21567l|18S|646046-646582	0.974	AB301899.1.914	Archaea;Crenarchaeota;Nitrososphaeria;Nitrosopumilales;Nitrosopumilaceae;Candidatus Nitrosopumilus;uncultured marine group I thaumarchaeote
odSpoOffi2.metagenome.1.primary|ctg21595l|18S|941168-942036	0.974	JN596763.1.1480	Bacteria;Chloroflexi;Dehalococcoidia;SAR202 clade;uncultured Chloroflexi bacterium
MAG_ENA_CAXXEU010000002_CAXXEU010000002.1|ENA|CAXXEU010000002|CAXXEU010000002.1|16S|3338298-3339847	0.973	AY713479.12035.13581	Bacteria;Poribacteria;uncultured Poribacteria bacterium 64K2
MAG_ENA_CAXXJN010000052_CAXXJN010000052.1|ENA|CAXXJN010000052|CAXXJN010000052.1|16S|208039-209533	0.973	HG423462.1.1425	Bacteria;Proteobacteria;Alphaproteobacteria;AT-s3-44;uncultured bacterium
MAG_ENA_CAXXJN010000052_CAXXJN010000052.1|ENA|CAXXJN010000052|CAXXJN010000052.1|16S|208045-209531	0.973	HG423462.1.1425	Bacteria;Proteobacteria;Alphaproteobacteria;AT-s3-44;uncultured bacterium
MAG_ENA_OY759976_OY759976.1|ENA|OY759976|OY759976.1|16S|3338298-3339847	0.973	AY713479.12035.13581	Bacteria;Poribacteria;uncultured Poribacteria bacterium 64K2
MAG_ENA_OY760104_OY760104.1|ENA|OY760104|OY760104.1|16S|941162-942580	0.973	FJ481353.1.1476	Bacteria;Chloroflexi;Dehalococcoidia;SAR202 clade;uncultured Chloroflexus sp.
MAG_ENA_OY760616_OY760616.1|ENA|OY760616|OY760616.1|16S|208045-209531	0.973	HG423462.1.1425	Bacteria;Proteobacteria;Alphaproteobacteria;AT-s3-44;uncultured bacterium
MAG_ENA_OY760616_OY760616.1|ENA|OY760616|OY760616.1|16S|208039-209533	0.973	HG423462.1.1425	Bacteria;Proteobacteria;Alphaproteobacteria;AT-s3-44;uncultured bacterium
MAG_ENA_OZ242273_OZ242273.1|ENA|OZ242273|OZ242273.1|16S|1149547-1151105	0.973	JX280155.1.1511	Bacteria;Gemmatimonadota;BD2-11 terrestrial group;uncultured bacterium
MAG_ENA_OZ242273_OZ242273.1|ENA|OZ242273|OZ242273.1|16S|1149556-1151103	0.973	JX280155.1.1511	Bacteria;Gemmatimonadota;BD2-11 terrestrial group;uncultured bacterium
odSpoOffi2.metagenome.1.primary|ctg16715l|16S|22304-23799	0.973	EU592393.1.1452	Bacteria;Proteobacteria;Alphaproteobacteria;Rhodospirillales;Rhodospirillaceae;uncultured;uncultured bacterium
odSpoOffi2.metagenome.1.primary|ctg21070l|16S|208039-209533	0.973	HG423462.1.1425	Bacteria;Proteobacteria;Alphaproteobacteria;AT-s3-44;uncultured bacterium
odSpoOffi2.metagenome.1.primary|ctg21644l|16S|3338298-3339847	0.973	AY713479.12035.13581	Bacteria;Poribacteria;uncultured Poribacteria bacterium 64K2
odSpoOffi2.metagenome.1.primary|ctg21660l|16S|5267182-5268742	0.973	FJ900569.1.1498	Bacteria;Entotheonellaeota;Entotheonellia;Entotheonellales;Entotheonellaceae;uncultured bacterium
odSpoOffi2.metagenome.1.primary|ctg12905l|16S|7930-9459	0.973	HG423497.1.1498	Bacteria;Proteobacteria;Gammaproteobacteria;KI89A clade;uncultured bacterium
odSpoOffi2.metagenome.1.primary|ctg16715l|16S|22306-23790	0.973	EU592393.1.1452	Bacteria;Proteobacteria;Alphaproteobacteria;Rhodospirillales;Rhodospirillaceae;uncultured;uncultured bacterium
odSpoOffi2.metagenome.1.primary|ctg21070l|16S|208045-209531	0.973	HG423462.1.1425	Bacteria;Proteobacteria;Alphaproteobacteria;AT-s3-44;uncultured bacterium
odSpoOffi2.metagenome.1.primary|ctg21595l|16S|941162-942580	0.973	FJ481353.1.1476	Bacteria;Chloroflexi;Dehalococcoidia;SAR202 clade;uncultured Chloroflexus sp.
odSpoOffi2.metagenome.1.primary|ctg21660l|16S|5267184-5268733	0.973	FJ900569.1.1498	Bacteria;Entotheonellaeota;Entotheonellia;Entotheonellales;Entotheonellaceae;uncultured bacterium
odSpoOffi2.metagenome.1.primary|ctg21635l|18S|1977473-1979233	0.973	AF246616.1.1800	Eukaryota;Amorphea;Obazoa;Opisthokonta;Holozoa;Choanozoa;Metazoa;Porifera;Demospongiae;Dictyoceratida;Hippospongia communis (horse sponge)
MAG_ENA_CAXXEU010000002_CAXXEU010000002.1|ENA|CAXXEU010000002|CAXXEU010000002.1|16S|3338337-3339845	0.972	AY713479.12035.13581	Bacteria;Poribacteria;uncultured Poribacteria bacterium 64K2
MAG_ENA_CAXXUA010000004_CAXXUA010000004.1|ENA|CAXXUA010000004|CAXXUA010000004.1|18S|576459-577333	0.972	APGO01000272.5528.7050	Bacteria;Poribacteria;Candidatus Poribacteria sp. WGA-4C
MAG_ENA_CBDBMM010000005_CBDBMM010000005.1|ENA|CBDBMM010000005|CBDBMM010000005.1|18S|3031587-3032444	0.972	EF076136.1.1430	Bacteria;Proteobacteria;Alphaproteobacteria;Rhodobacterales;Rhodobacteraceae;Albidovulum;uncultured Alphaproteobacteria bacterium
MAG_ENA_OY759412_OY759412.1|ENA|OY759412|OY759412.1|16S|648376-649926	0.972	AY713479.12035.13581	Bacteria;Poribacteria;uncultured Poribacteria bacterium 64K2
MAG_ENA_OY759976_OY759976.1|ENA|OY759976|OY759976.1|16S|3338337-3339845	0.972	AY713479.12035.13581	Bacteria;Poribacteria;uncultured Poribacteria bacterium 64K2
MAG_ENA_OY760634_OY760634.1|ENA|OY760634|OY760634.1|18S|576459-577333	0.972	APGO01000272.5528.7050	Bacteria;Poribacteria;Candidatus Poribacteria sp. WGA-4C
odSpoOffi2.metagenome.1.primary|ctg12905l|16S|7888-9460	0.972	HG423497.1.1498	Bacteria;Proteobacteria;Gammaproteobacteria;KI89A clade;uncultured bacterium
odSpoOffi2.metagenome.1.primary|ctg21645l|16S|648376-649926	0.972	AY713479.12035.13581	Bacteria;Poribacteria;uncultured Poribacteria bacterium 64K2
odSpoOffi2.metagenome.1.primary|ctg6269l|16S|1798-3323	0.972	FJ229926.1.1492	Bacteria;Actinobacteriota;Acidimicrobiia;Actinomarinales;uncultured;uncultured actinobacterium
odSpoOffi2.metagenome.1.primary|ctg21644l|16S|3338337-3339845	0.972	AY713479.12035.13581	Bacteria;Poribacteria;uncultured Poribacteria bacterium 64K2
odSpoOffi2.metagenome.1.primary|ctg6269l|16S|1806-3321	0.972	FJ229926.1.1492	Bacteria;Actinobacteriota;Acidimicrobiia;Actinomarinales;uncultured;uncultured actinobacterium
odSpoOffi2.metagenome.1.primary|ctg21457l|18S|576459-577333	0.972	APGO01000272.5528.7050	Bacteria;Poribacteria;Candidatus Poribacteria sp. WGA-4C
MAG_ENA_CBDBQC010000004_CBDBQC010000004.1|ENA|CBDBQC010000004|CBDBQC010000004.1|16S|189983-191474	0.971	JN596666.1.1394	Bacteria;Chloroflexi;TK17;uncultured Chloroflexi bacterium
MAG_ENA_CBDBQC010000004_CBDBQC010000004.1|ENA|CBDBQC010000004|CBDBQC010000004.1|16S|189991-191472	0.971	JN596666.1.1394	Bacteria;Chloroflexi;TK17;uncultured Chloroflexi bacterium
MAG_ENA_OZ242306_OZ242306.1|ENA|OZ242306|OZ242306.1|16S|1844122-1845622	0.971	JX206651.1.1464	Bacteria;Chloroflexi;Anaerolineae;SBR1031;A4b;uncultured bacterium
MAG_ENA_OZ242306_OZ242306.1|ENA|OZ242306|OZ242306.1|16S|2355324-2356824	0.971	JX206651.1.1464	Bacteria;Chloroflexi;Anaerolineae;SBR1031;A4b;uncultured bacterium
MAG_ENA_OZ242306_OZ242306.1|ENA|OZ242306|OZ242306.1|16S|1844124-1845613	0.971	JX206651.1.1464	Bacteria;Chloroflexi;Anaerolineae;SBR1031;A4b;uncultured bacterium
MAG_ENA_OZ242306_OZ242306.1|ENA|OZ242306|OZ242306.1|16S|2355326-2356815	0.971	JX206651.1.1464	Bacteria;Chloroflexi;Anaerolineae;SBR1031;A4b;uncultured bacterium
odSpoOffi2.metagenome.1.primary|ctg21627l|18S|1665049-1665919	0.971	JX280269.1.1430	Bacteria;Acidobacteriota;Acidobacteriae;PAUC26f;uncultured bacterium
odSpoOffi2.metagenome.1.primary|ctg21627l|18S|3379146-3380016	0.971	JX280269.1.1430	Bacteria;Acidobacteriota;Acidobacteriae;PAUC26f;uncultured bacterium
odSpoOffi2.metagenome.1.primary|ctg4889l|18S|1363-2220	0.971	EF076136.1.1430	Bacteria;Proteobacteria;Alphaproteobacteria;Rhodobacterales;Rhodobacteraceae;Albidovulum;uncultured Alphaproteobacteria bacterium
MAG_ENA_CAXXDB010000003_CAXXDB010000003.1|ENA|CAXXDB010000003|CAXXDB010000003.1|18S|678747-679603	0.970	MSMP01000073.291.1788	Bacteria;Bacteroidota;Bacteroidia;Flavobacteriales;Flavobacteriaceae;Tenacibaculum;Tenacibaculum sp. HZ1
MAG_ENA_CAXXDB010000008_CAXXDB010000008.1|ENA|CAXXDB010000008|CAXXDB010000008.1|18S|419496-420352	0.970	MSMP01000073.291.1788	Bacteria;Bacteroidota;Bacteroidia;Flavobacteriales;Flavobacteriaceae;Tenacibaculum;Tenacibaculum sp. HZ1
MAG_ENA_CBDBOQ010000008_CBDBOQ010000008.1|ENA|CBDBOQ010000008|CBDBOQ010000008.1|18S|123766-124636	0.970	AM997765.1.1455	Bacteria;Chloroflexi;Dehalococcoidia;SAR202 clade;uncultured deep-sea bacterium
MAG_ENA_OY762274_OY762274.1|ENA|OY762274|OY762274.1|18S|561450-562334	0.970	JX280292.1.1460	Bacteria;Proteobacteria;Gammaproteobacteria;Oceanospirillales;Pseudohongiellaceae;Pseudohongiella;uncultured bacterium
MAG_ENA_OY762918_OY762918.1|ENA|OY762918|OY762918.1|18S|678747-679603	0.970	MSMP01000073.291.1788	Bacteria;Bacteroidota;Bacteroidia;Flavobacteriales;Flavobacteriaceae;Tenacibaculum;Tenacibaculum sp. HZ1
MAG_ENA_OY762923_OY762923.1|ENA|OY762923|OY762923.1|18S|419496-420352	0.970	MSMP01000073.291.1788	Bacteria;Bacteroidota;Bacteroidia;Flavobacteriales;Flavobacteriaceae;Tenacibaculum;Tenacibaculum sp. HZ1
odSpoOffi2.metagenome.1.primary|ctg20065l|18S|10707-11577	0.970	JX280269.1.1430	Bacteria;Acidobacteriota;Acidobacteriae;PAUC26f;uncultured bacterium
odSpoOffi2.metagenome.1.primary|ctg21275l|18S|419496-420352	0.970	MSMP01000073.291.1788	Bacteria;Bacteroidota;Bacteroidia;Flavobacteriales;Flavobacteriaceae;Tenacibaculum;Tenacibaculum sp. HZ1
odSpoOffi2.metagenome.1.primary|ctg21314l|18S|678747-679603	0.970	MSMP01000073.291.1788	Bacteria;Bacteroidota;Bacteroidia;Flavobacteriales;Flavobacteriaceae;Tenacibaculum;Tenacibaculum sp. HZ1
odSpoOffi2.metagenome.1.primary|ctg21601c|18S|561450-562334	0.970	JX280292.1.1460	Bacteria;Proteobacteria;Gammaproteobacteria;Oceanospirillales;Pseudohongiellaceae;Pseudohongiella;uncultured bacterium
odSpoOffi2.metagenome.1.primary|ctg21627l|18S|6167-7037	0.970	JX280269.1.1430	Bacteria;Acidobacteriota;Acidobacteriae;PAUC26f;uncultured bacterium
MAG_ENA_CAXXTM010000002_CAXXTM010000002.1|ENA|CAXXTM010000002|CAXXTM010000002.1|16S|685991-687491	0.969	JX206651.1.1464	Bacteria;Chloroflexi;Anaerolineae;SBR1031;A4b;uncultured bacterium
MAG_ENA_CAXXTM010000002_CAXXTM010000002.1|ENA|CAXXTM010000002|CAXXTM010000002.1|16S|1206679-1208179	0.969	JX206651.1.1464	Bacteria;Chloroflexi;Anaerolineae;SBR1031;A4b;uncultured bacterium
MAG_ENA_CAXXTM010000002_CAXXTM010000002.1|ENA|CAXXTM010000002|CAXXTM010000002.1|16S|686000-687489	0.969	JX206651.1.1464	Bacteria;Chloroflexi;Anaerolineae;SBR1031;A4b;uncultured bacterium
MAG_ENA_CAXXTM010000002_CAXXTM010000002.1|ENA|CAXXTM010000002|CAXXTM010000002.1|16S|1206688-1208177	0.969	JX206651.1.1464	Bacteria;Chloroflexi;Anaerolineae;SBR1031;A4b;uncultured bacterium
MAG_ENA_OY760426_OY760426.1|ENA|OY760426|OY760426.1|16S|685991-687491	0.969	JX206651.1.1464	Bacteria;Chloroflexi;Anaerolineae;SBR1031;A4b;uncultured bacterium
MAG_ENA_OY760426_OY760426.1|ENA|OY760426|OY760426.1|16S|1206679-1208179	0.969	JX206651.1.1464	Bacteria;Chloroflexi;Anaerolineae;SBR1031;A4b;uncultured bacterium
MAG_ENA_OY760426_OY760426.1|ENA|OY760426|OY760426.1|16S|686000-687489	0.969	JX206651.1.1464	Bacteria;Chloroflexi;Anaerolineae;SBR1031;A4b;uncultured bacterium
MAG_ENA_OY760426_OY760426.1|ENA|OY760426|OY760426.1|16S|1206688-1208177	0.969	JX206651.1.1464	Bacteria;Chloroflexi;Anaerolineae;SBR1031;A4b;uncultured bacterium
odSpoOffi2.metagenome.1.primary|ctg21572l|16S|685991-687491	0.969	JX206651.1.1464	Bacteria;Chloroflexi;Anaerolineae;SBR1031;A4b;uncultured bacterium
odSpoOffi2.metagenome.1.primary|ctg21572l|16S|1206679-1208179	0.969	JX206651.1.1464	Bacteria;Chloroflexi;Anaerolineae;SBR1031;A4b;uncultured bacterium
odSpoOffi2.metagenome.1.primary|ctg21572l|16S|686000-687489	0.969	JX206651.1.1464	Bacteria;Chloroflexi;Anaerolineae;SBR1031;A4b;uncultured bacterium
odSpoOffi2.metagenome.1.primary|ctg21572l|16S|1206688-1208177	0.969	JX206651.1.1464	Bacteria;Chloroflexi;Anaerolineae;SBR1031;A4b;uncultured bacterium
MAG_ENA_CAXXMH010000008_CAXXMH010000008.1|ENA|CAXXMH010000008|CAXXMH010000008.1|18S|284097-284971	0.968	JX280247.1.1459	Bacteria;Proteobacteria;Gammaproteobacteria;KI89A clade;uncultured bacterium
MAG_ENA_CAXXUY010000001_CAXXUY010000001.1|ENA|CAXXUY010000001|CAXXUY010000001.1|16S|387614-389075	0.968	FJ529270.1.1430	Bacteria;Proteobacteria;Alphaproteobacteria;Rhodobacterales;Rhodobacteraceae;Albidovulum;uncultured Alphaproteobacteria bacterium
MAG_ENA_CAXXUY010000001_CAXXUY010000001.1|ENA|CAXXUY010000001|CAXXUY010000001.1|16S|387623-389073	0.968	FJ529270.1.1430	Bacteria;Proteobacteria;Alphaproteobacteria;Rhodobacterales;Rhodobacteraceae;Albidovulum;uncultured Alphaproteobacteria bacterium
MAG_ENA_OY759969_OY759969.1|ENA|OY759969|OY759969.1|16S|1012330-1013880	0.968	JX206714.1.1513	Bacteria;Proteobacteria;Gammaproteobacteria;pItb-vmat-80;uncultured bacterium
MAG_ENA_OY759969_OY759969.1|ENA|OY759969|OY759969.1|16S|1012332-1013873	0.968	JX206714.1.1513	Bacteria;Proteobacteria;Gammaproteobacteria;pItb-vmat-80;uncultured bacterium
MAG_ENA_OY761551_OY761551.1|ENA|OY761551|OY761551.1|18S|284097-284971	0.968	JX280247.1.1459	Bacteria;Proteobacteria;Gammaproteobacteria;KI89A clade;uncultured bacterium
MAG_ENA_OY761791_OY761791.1|ENA|OY761791|OY761791.1|16S|387614-389075	0.968	FJ529270.1.1430	Bacteria;Proteobacteria;Alphaproteobacteria;Rhodobacterales;Rhodobacteraceae;Albidovulum;uncultured Alphaproteobacteria bacterium
MAG_ENA_OY761791_OY761791.1|ENA|OY761791|OY761791.1|16S|387623-389073	0.968	FJ529270.1.1430	Bacteria;Proteobacteria;Alphaproteobacteria;Rhodobacterales;Rhodobacteraceae;Albidovulum;uncultured Alphaproteobacteria bacterium
odSpoOffi2.metagenome.1.primary|ctg21402l|16S|387614-389075	0.968	FJ529270.1.1430	Bacteria;Proteobacteria;Alphaproteobacteria;Rhodobacterales;Rhodobacteraceae;Albidovulum;uncultured Alphaproteobacteria bacterium
odSpoOffi2.metagenome.1.primary|ctg21565c|16S|1012330-1013880	0.968	JX206714.1.1513	Bacteria;Proteobacteria;Gammaproteobacteria;pItb-vmat-80;uncultured bacterium
odSpoOffi2.metagenome.1.primary|ctg21402l|16S|387623-389073	0.968	FJ529270.1.1430	Bacteria;Proteobacteria;Alphaproteobacteria;Rhodobacterales;Rhodobacteraceae;Albidovulum;uncultured Alphaproteobacteria bacterium
odSpoOffi2.metagenome.1.primary|ctg21565c|16S|1012332-1013873	0.968	JX206714.1.1513	Bacteria;Proteobacteria;Gammaproteobacteria;pItb-vmat-80;uncultured bacterium
odSpoOffi2.metagenome.1.primary|ctg21394l|18S|284097-284971	0.968	JX280247.1.1459	Bacteria;Proteobacteria;Gammaproteobacteria;KI89A clade;uncultured bacterium
MAG_ENA_OY760427_OY760427.1|ENA|OY760427|OY760427.1|18S|5499431-5500299	0.967	HQ270263.1.1494	Bacteria;Bacteroidota;Rhodothermia;Rhodothermales;Rhodothermaceae;uncultured;uncultured Rhodothermaceae bacterium
MAG_ENA_OY761542_OY761542.1|ENA|OY761542|OY761542.1|16S|540172-541703	0.967	HE817844.1.1465	Bacteria;Proteobacteria;Gammaproteobacteria;KI89A clade;uncultured bacterium
odSpoOffi2.metagenome.1.primary|ctg21649c|16S|540172-541703	0.967	HE817844.1.1465	Bacteria;Proteobacteria;Gammaproteobacteria;KI89A clade;uncultured bacterium
odSpoOffi2.metagenome.1.primary|ctg21661c|18S|5499431-5500299	0.967	HQ270263.1.1494	Bacteria;Bacteroidota;Rhodothermia;Rhodothermales;Rhodothermaceae;uncultured;uncultured Rhodothermaceae bacterium
MAG_ENA_CAXXDF010000007_CAXXDF010000007.1|ENA|CAXXDF010000007|CAXXDF010000007.1|18S|80617-81488	0.966	CP001998.2186477.2188018	Bacteria;Verrucomicrobiota;Verrucomicrobiae;Opitutales;Puniceicoccaceae;Coraliomargarita;Coraliomargarita akajimensis DSM 45221
MAG_ENA_CAXXUA010000004_CAXXUA010000004.1|ENA|CAXXUA010000004|CAXXUA010000004.1|16S|576451-577999	0.966	APGO01000272.5528.7050	Bacteria;Poribacteria;Candidatus Poribacteria sp. WGA-4C
MAG_ENA_CBDBMM010000005_CBDBMM010000005.1|ENA|CBDBMM010000005|CBDBMM010000005.1|16S|3031581-3033033	0.966	EF076136.1.1430	Bacteria;Proteobacteria;Alphaproteobacteria;Rhodobacterales;Rhodobacteraceae;Albidovulum;uncultured Alphaproteobacteria bacterium
MAG_ENA_CBDBMM010000005_CBDBMM010000005.1|ENA|CBDBMM010000005|CBDBMM010000005.1|16S|3031579-3033042	0.966	EF076136.1.1430	Bacteria;Proteobacteria;Alphaproteobacteria;Rhodobacterales;Rhodobacteraceae;Albidovulum;uncultured Alphaproteobacteria bacterium
MAG_ENA_OY760414_OY760414.1|ENA|OY760414|OY760414.1|18S|80617-81488	0.966	CP001998.2186477.2188018	Bacteria;Verrucomicrobiota;Verrucomicrobiae;Opitutales;Puniceicoccaceae;Coraliomargarita;Coraliomargarita akajimensis DSM 45221
MAG_ENA_OY760634_OY760634.1|ENA|OY760634|OY760634.1|16S|576451-577999	0.966	APGO01000272.5528.7050	Bacteria;Poribacteria;Candidatus Poribacteria sp. WGA-4C
MAG_ENA_OY761542_OY761542.1|ENA|OY761542|OY761542.1|16S|540214-541702	0.966	HE817844.1.1465	Bacteria;Proteobacteria;Gammaproteobacteria;KI89A clade;uncultured bacterium
odSpoOffi2.metagenome.1.primary|ctg21457l|16S|576451-577999	0.966	APGO01000272.5528.7050	Bacteria;Poribacteria;Candidatus Poribacteria sp. WGA-4C
odSpoOffi2.metagenome.1.primary|ctg21649c|16S|540214-541702	0.966	HE817844.1.1465	Bacteria;Proteobacteria;Gammaproteobacteria;KI89A clade;uncultured bacterium
odSpoOffi2.metagenome.1.primary|ctg20812l|18S|80617-81488	0.966	CP001998.2186477.2188018	Bacteria;Verrucomicrobiota;Verrucomicrobiae;Opitutales;Puniceicoccaceae;Coraliomargarita;Coraliomargarita akajimensis DSM 45221
MAG_ENA_CAXXUA010000004_CAXXUA010000004.1|ENA|CAXXUA010000004|CAXXUA010000004.1|16S|576453-577957	0.965	APGO01000272.5528.7050	Bacteria;Poribacteria;Candidatus Poribacteria sp. WGA-4C
MAG_ENA_CAXXUI010000002_CAXXUI010000002.1|ENA|CAXXUI010000002|CAXXUI010000002.1|16S|1785403-1786893	0.965	JQ612352.1.1454	Bacteria;Acidobacteriota;Acidobacteriae;PAUC26f;uncultured bacterium
MAG_ENA_CAXXUI010000002_CAXXUI010000002.1|ENA|CAXXUI010000002|CAXXUI010000002.1|16S|1785411-1786891	0.965	JQ612352.1.1454	Bacteria;Acidobacteriota;Acidobacteriae;PAUC26f;uncultured bacterium
MAG_ENA_FZLQ01000008_FZLQ01000008.1|ENA|FZLQ01000008|FZLQ01000008.1|18S|31164-32037	0.965	AAVV01000015.29618.31150	Bacteria;Proteobacteria;Gammaproteobacteria;Cellvibrionales;Halieaceae;Luminiphilus;marine gamma proteobacterium HTCC2080
MAG_ENA_OY760634_OY760634.1|ENA|OY760634|OY760634.1|16S|576453-577957	0.965	APGO01000272.5528.7050	Bacteria;Poribacteria;Candidatus Poribacteria sp. WGA-4C
MAG_ENA_OZ242276_OZ242276.1|ENA|OZ242276|OZ242276.1|18S|3002859-3003729	0.965	JX280269.1.1430	Bacteria;Acidobacteriota;Acidobacteriae;PAUC26f;uncultured bacterium
MAG_ENA_OZ242276_OZ242276.1|ENA|OZ242276|OZ242276.1|18S|3947332-3948202	0.965	JX280269.1.1430	Bacteria;Acidobacteriota;Acidobacteriae;PAUC26f;uncultured bacterium
odSpoOffi2.metagenome.1.primary|ctg21582l|16S|1785403-1786893	0.965	JQ612352.1.1454	Bacteria;Acidobacteriota;Acidobacteriae;PAUC26f;uncultured bacterium
odSpoOffi2.metagenome.1.primary|ctg21457l|16S|576453-577957	0.965	APGO01000272.5528.7050	Bacteria;Poribacteria;Candidatus Poribacteria sp. WGA-4C
odSpoOffi2.metagenome.1.primary|ctg21582l|16S|1785411-1786891	0.965	JQ612352.1.1454	Bacteria;Acidobacteriota;Acidobacteriae;PAUC26f;uncultured bacterium
MAG_ENA_OY762706_OY762706.1|ENA|OY762706|OY762706.1|18S|1938356-1939240	0.964	JX206519.1.1498	Bacteria;Proteobacteria;Gammaproteobacteria;Oceanospirillales;Pseudohongiellaceae;Pseudohongiella;uncultured bacterium
odSpoOffi2.metagenome.1.primary|ctg20065l|16S|10699-12200	0.964	JX280269.1.1430	Bacteria;Acidobacteriota;Acidobacteriae;PAUC26f;uncultured bacterium
odSpoOffi2.metagenome.1.primary|ctg21627l|16S|6159-7660	0.964	JX280269.1.1430	Bacteria;Acidobacteriota;Acidobacteriae;PAUC26f;uncultured bacterium
odSpoOffi2.metagenome.1.primary|ctg21627l|16S|1664426-1665927	0.964	JX280269.1.1430	Bacteria;Acidobacteriota;Acidobacteriae;PAUC26f;uncultured bacterium
odSpoOffi2.metagenome.1.primary|ctg21627l|16S|3378523-3380024	0.964	JX280269.1.1430	Bacteria;Acidobacteriota;Acidobacteriae;PAUC26f;uncultured bacterium
odSpoOffi2.metagenome.1.primary|ctg4889l|16S|764-2228	0.964	EF076136.1.1430	Bacteria;Proteobacteria;Alphaproteobacteria;Rhodobacterales;Rhodobacteraceae;Albidovulum;uncultured Alphaproteobacteria bacterium
odSpoOffi2.metagenome.1.primary|ctg20065l|16S|10701-12192	0.964	JX280269.1.1430	Bacteria;Acidobacteriota;Acidobacteriae;PAUC26f;uncultured bacterium
odSpoOffi2.metagenome.1.primary|ctg21627l|16S|6161-7652	0.964	JX280269.1.1430	Bacteria;Acidobacteriota;Acidobacteriae;PAUC26f;uncultured bacterium
odSpoOffi2.metagenome.1.primary|ctg21627l|16S|1664434-1665925	0.964	JX280269.1.1430	Bacteria;Acidobacteriota;Acidobacteriae;PAUC26f;uncultured bacterium
odSpoOffi2.metagenome.1.primary|ctg21627l|16S|3378531-3380022	0.964	JX280269.1.1430	Bacteria;Acidobacteriota;Acidobacteriae;PAUC26f;uncultured bacterium
odSpoOffi2.metagenome.1.primary|ctg4889l|16S|773-2226	0.964	EF076136.1.1430	Bacteria;Proteobacteria;Alphaproteobacteria;Rhodobacterales;Rhodobacteraceae;Albidovulum;uncultured Alphaproteobacteria bacterium
odSpoOffi2.metagenome.1.primary|ctg21611c|18S|1938356-1939240	0.964	JX206519.1.1498	Bacteria;Proteobacteria;Gammaproteobacteria;Oceanospirillales;Pseudohongiellaceae;Pseudohongiella;uncultured bacterium
odSpoOffi2.metagenome.1.primary|ctg5424l|18S|2977-3848	0.964	CP001998.2186477.2188018	Bacteria;Verrucomicrobiota;Verrucomicrobiae;Opitutales;Puniceicoccaceae;Coraliomargarita;Coraliomargarita akajimensis DSM 45221
odSpoOffi2.metagenome.1.primary|ctg5424l|16S|2969-3866	0.963	CP001998.2186477.2188018	Bacteria;Verrucomicrobiota;Verrucomicrobiae;Opitutales;Puniceicoccaceae;Coraliomargarita;Coraliomargarita akajimensis DSM 45221
odSpoOffi2.metagenome.1.primary|ctg5424l|16S|2971-3865	0.963	CP001998.2186477.2188018	Bacteria;Verrucomicrobiota;Verrucomicrobiae;Opitutales;Puniceicoccaceae;Coraliomargarita;Coraliomargarita akajimensis DSM 45221
MAG_ENA_CAXXUI010000002_CAXXUI010000002.1|ENA|CAXXUI010000002|CAXXUI010000002.1|18S|1786018-1786885	0.962	KM389595.1.1395	Bacteria;Acidobacteriota;Acidobacteriae;PAUC26f;uncultured bacterium
odSpoOffi2.metagenome.1.primary|ctg21581l|16S|62595-64090	0.962	FJ481340.1.1465	Bacteria;Chloroflexi;TK17;uncultured Chloroflexus sp.
odSpoOffi2.metagenome.1.primary|ctg21604c|16S|2101919-2103414	0.962	FJ481340.1.1465	Bacteria;Chloroflexi;TK17;uncultured Chloroflexus sp.
odSpoOffi2.metagenome.1.primary|ctg21581l|16S|62603-64088	0.962	FJ481340.1.1465	Bacteria;Chloroflexi;TK17;uncultured Chloroflexus sp.
odSpoOffi2.metagenome.1.primary|ctg21604c|16S|2101927-2103412	0.962	FJ481340.1.1465	Bacteria;Chloroflexi;TK17;uncultured Chloroflexus sp.
odSpoOffi2.metagenome.1.primary|ctg21582l|18S|1786018-1786885	0.962	KM389595.1.1395	Bacteria;Acidobacteriota;Acidobacteriae;PAUC26f;uncultured bacterium
MAG_ENA_OY762508_OY762508.1|ENA|OY762508|OY762508.1|18S|2027780-2028645	0.961	HQ270286.1.1494	Bacteria;Bacteroidota;Rhodothermia;Rhodothermales;Rhodothermaceae;uncultured;uncultured Rhodothermaceae bacterium
odSpoOffi2.metagenome.1.primary|ctg21617c|18S|2027780-2028645	0.961	HQ270286.1.1494	Bacteria;Bacteroidota;Rhodothermia;Rhodothermales;Rhodothermaceae;uncultured;uncultured Rhodothermaceae bacterium
MAG_ENA_CBDBOY010000006_CBDBOY010000006.1|ENA|CBDBOY010000006|CBDBOY010000006.1|18S|317281-318184	0.960	JN233134.1.1459	Bacteria;Proteobacteria;Gammaproteobacteria;OM182 clade;uncultured gamma proteobacterium
odSpoOffi2.metagenome.1.primary|ctg21669l|16S|3530015-3531533	0.960	KF286198.1.1384	Bacteria;Chloroflexi;TK10;uncultured bacterium
odSpoOffi2.metagenome.1.primary|ctg21669l|16S|6409159-6410677	0.960	KF286198.1.1384	Bacteria;Chloroflexi;TK10;uncultured bacterium
odSpoOffi2.metagenome.1.primary|ctg21669l|18S|3530647-3531527	0.960	JQ612252.1.1495	Bacteria;Chloroflexi;TK10;uncultured bacterium
odSpoOffi2.metagenome.1.primary|ctg21669l|18S|6409165-6410045	0.960	JQ612252.1.1495	Bacteria;Chloroflexi;TK10;uncultured bacterium
MAG_ENA_OY760104_OY760104.1|ENA|OY760104|OY760104.1|16S|941160-942754	0.959	FJ481353.1.1476	Bacteria;Chloroflexi;Dehalococcoidia;SAR202 clade;uncultured Chloroflexus sp.
MAG_ENA_OY762456_OY762456.1|ENA|OY762456|OY762456.1|18S|629615-630517	0.959	JN233134.1.1459	Bacteria;Proteobacteria;Gammaproteobacteria;OM182 clade;uncultured gamma proteobacterium
MAG_ENA_OZ242276_OZ242276.1|ENA|OZ242276|OZ242276.1|16S|3002237-3003737	0.959	JX280269.1.1430	Bacteria;Acidobacteriota;Acidobacteriae;PAUC26f;uncultured bacterium
MAG_ENA_OZ242276_OZ242276.1|ENA|OZ242276|OZ242276.1|16S|3946710-3948210	0.959	JX280269.1.1430	Bacteria;Acidobacteriota;Acidobacteriae;PAUC26f;uncultured bacterium
MAG_ENA_OZ242276_OZ242276.1|ENA|OZ242276|OZ242276.1|16S|3002246-3003735	0.959	JX280269.1.1430	Bacteria;Acidobacteriota;Acidobacteriae;PAUC26f;uncultured bacterium
MAG_ENA_OZ242276_OZ242276.1|ENA|OZ242276|OZ242276.1|16S|3946719-3948208	0.959	JX280269.1.1430	Bacteria;Acidobacteriota;Acidobacteriae;PAUC26f;uncultured bacterium
odSpoOffi2.metagenome.1.primary|ctg21595l|16S|941160-942754	0.959	FJ481353.1.1476	Bacteria;Chloroflexi;Dehalococcoidia;SAR202 clade;uncultured Chloroflexus sp.
odSpoOffi2.metagenome.1.primary|ctg21669l|16S|3530007-3531535	0.959	KF286198.1.1384	Bacteria;Chloroflexi;TK10;uncultured bacterium
odSpoOffi2.metagenome.1.primary|ctg21669l|16S|6409157-6410685	0.959	KF286198.1.1384	Bacteria;Chloroflexi;TK10;uncultured bacterium
odSpoOffi2.metagenome.1.primary|ctg21622c|18S|629615-630517	0.959	JN233134.1.1459	Bacteria;Proteobacteria;Gammaproteobacteria;OM182 clade;uncultured gamma proteobacterium
MAG_ENA_CAXXWG010000007_CAXXWG010000007.1|ENA|CAXXWG010000007|CAXXWG010000007.1|18S|65459-66320	0.958	FJ481252.1.1476	Bacteria;Chloroflexi;Anaerolineae;SBR1031;A4b;uncultured Chloroflexus sp.
MAG_ENA_CAXXWG010000027_CAXXWG010000027.1|ENA|CAXXWG010000027|CAXXWG010000027.1|18S|4079-4940	0.958	FJ481252.1.1476	Bacteria;Chloroflexi;Anaerolineae;SBR1031;A4b;uncultured Chloroflexus sp.
MAG_ENA_OY760135_OY760135.1|ENA|OY760135|OY760135.1|16S|1328961-1330456	0.958	FJ481340.1.1465	Bacteria;Chloroflexi;TK17;uncultured Chloroflexus sp.
MAG_ENA_OY760135_OY760135.1|ENA|OY760135|OY760135.1|16S|1328969-1330454	0.958	FJ481340.1.1465	Bacteria;Chloroflexi;TK17;uncultured Chloroflexus sp.
MAG_ENA_OY763367_OY763367.1|ENA|OY763367|OY763367.1|18S|65459-66320	0.958	FJ481252.1.1476	Bacteria;Chloroflexi;Anaerolineae;SBR1031;A4b;uncultured Chloroflexus sp.
MAG_ENA_OY763387_OY763387.1|ENA|OY763387|OY763387.1|18S|4079-4940	0.958	FJ481252.1.1476	Bacteria;Chloroflexi;Anaerolineae;SBR1031;A4b;uncultured Chloroflexus sp.
odSpoOffi2.metagenome.1.primary|ctg21605c|16S|1328961-1330456	0.958	FJ481340.1.1465	Bacteria;Chloroflexi;TK17;uncultured Chloroflexus sp.
odSpoOffi2.metagenome.1.primary|ctg21035l|16S|232010-233529	0.958	KF286198.1.1384	Bacteria;Chloroflexi;TK10;uncultured bacterium
odSpoOffi2.metagenome.1.primary|ctg21605c|16S|1328969-1330454	0.958	FJ481340.1.1465	Bacteria;Chloroflexi;TK17;uncultured Chloroflexus sp.
odSpoOffi2.metagenome.1.primary|ctg17997l|18S|4079-4940	0.958	FJ481252.1.1476	Bacteria;Chloroflexi;Anaerolineae;SBR1031;A4b;uncultured Chloroflexus sp.
odSpoOffi2.metagenome.1.primary|ctg21043l|18S|65459-66320	0.958	FJ481252.1.1476	Bacteria;Chloroflexi;Anaerolineae;SBR1031;A4b;uncultured Chloroflexus sp.
MAG_ENA_CAXXDB010000003_CAXXDB010000003.1|ENA|CAXXDB010000003|CAXXDB010000003.1|16S|678104-679612	0.957	AM411030.1.1512	Bacteria;Bacteroidota;Bacteroidia;Flavobacteriales;Flavobacteriaceae;Tenacibaculum;Tenacibaculum discolor
MAG_ENA_CAXXDB010000008_CAXXDB010000008.1|ENA|CAXXDB010000008|CAXXDB010000008.1|16S|419487-420995	0.957	AM411030.1.1512	Bacteria;Bacteroidota;Bacteroidia;Flavobacteriales;Flavobacteriaceae;Tenacibaculum;Tenacibaculum discolor
MAG_ENA_CAXXUY010000001_CAXXUY010000001.1|ENA|CAXXUY010000001|CAXXUY010000001.1|18S|388215-389067	0.957	FSRS01000001.6998.8467	Bacteria;Proteobacteria;Alphaproteobacteria;Rhodobacterales;Rhodobacteraceae;Rhodovulum;Rhodovulum sp. ES.010
MAG_ENA_CBDBOQ010000008_CBDBOQ010000008.1|ENA|CBDBOQ010000008|CBDBOQ010000008.1|16S|123758-125250	0.957	AM997765.1.1455	Bacteria;Chloroflexi;Dehalococcoidia;SAR202 clade;uncultured deep-sea bacterium
MAG_ENA_CBDBOQ010000008_CBDBOQ010000008.1|ENA|CBDBOQ010000008|CBDBOQ010000008.1|16S|123760-125241	0.957	AM997765.1.1455	Bacteria;Chloroflexi;Dehalococcoidia;SAR202 clade;uncultured deep-sea bacterium
MAG_ENA_OY761791_OY761791.1|ENA|OY761791|OY761791.1|18S|388215-389067	0.957	FSRS01000001.6998.8467	Bacteria;Proteobacteria;Alphaproteobacteria;Rhodobacterales;Rhodobacteraceae;Rhodovulum;Rhodovulum sp. ES.010
MAG_ENA_OY762824_OY762824.1|ENA|OY762824|OY762824.1|18S|2987140-2988016	0.957	HE985091.1.1533	Bacteria;Proteobacteria;Gammaproteobacteria;KI89A clade;uncultured bacterium
MAG_ENA_OY762918_OY762918.1|ENA|OY762918|OY762918.1|16S|678104-679612	0.957	AM411030.1.1512	Bacteria;Bacteroidota;Bacteroidia;Flavobacteriales;Flavobacteriaceae;Tenacibaculum;Tenacibaculum discolor
MAG_ENA_OY762923_OY762923.1|ENA|OY762923|OY762923.1|16S|419487-420995	0.957	AM411030.1.1512	Bacteria;Bacteroidota;Bacteroidia;Flavobacteriales;Flavobacteriaceae;Tenacibaculum;Tenacibaculum discolor
odSpoOffi2.metagenome.1.primary|ctg21035l|16S|232002-233531	0.957	KF286198.1.1384	Bacteria;Chloroflexi;TK10;uncultured bacterium
odSpoOffi2.metagenome.1.primary|ctg21669l|16S|2986031-2987560	0.957	KF286198.1.1384	Bacteria;Chloroflexi;TK10;uncultured bacterium
odSpoOffi2.metagenome.1.primary|ctg21275l|16S|419487-420995	0.957	AM411030.1.1512	Bacteria;Bacteroidota;Bacteroidia;Flavobacteriales;Flavobacteriaceae;Tenacibaculum;Tenacibaculum discolor
odSpoOffi2.metagenome.1.primary|ctg21314l|16S|678104-679612	0.957	AM411030.1.1512	Bacteria;Bacteroidota;Bacteroidia;Flavobacteriales;Flavobacteriaceae;Tenacibaculum;Tenacibaculum discolor
odSpoOffi2.metagenome.1.primary|ctg21669l|16S|2986033-2987552	0.957	KF286198.1.1384	Bacteria;Chloroflexi;TK10;uncultured bacterium
odSpoOffi2.metagenome.1.primary|ctg21402l|18S|388215-389067	0.957	FSRS01000001.6998.8467	Bacteria;Proteobacteria;Alphaproteobacteria;Rhodobacterales;Rhodobacteraceae;Rhodovulum;Rhodovulum sp. ES.010
odSpoOffi2.metagenome.1.primary|ctg21658l|18S|2987140-2988016	0.957	HE985091.1.1533	Bacteria;Proteobacteria;Gammaproteobacteria;KI89A clade;uncultured bacterium
MAG_ENA_CAXXDB010000003_CAXXDB010000003.1|ENA|CAXXDB010000003|CAXXDB010000003.1|16S|678096-679614	0.956	FQVV01000011.3765.5290	Bacteria;Bacteroidota;Bacteroidia;Flavobacteriales;Flavobacteriaceae;Tenacibaculum;Tenacibaculum mesophilum
MAG_ENA_CAXXDB010000008_CAXXDB010000008.1|ENA|CAXXDB010000008|CAXXDB010000008.1|16S|419485-421003	0.956	FQVV01000011.3765.5290	Bacteria;Bacteroidota;Bacteroidia;Flavobacteriales;Flavobacteriaceae;Tenacibaculum;Tenacibaculum mesophilum
MAG_ENA_OY759511_OY759511.1|ENA|OY759511|OY759511.1|16S|3632744-3634219	0.956	FJ529270.1.1430	Bacteria;Proteobacteria;Alphaproteobacteria;Rhodobacterales;Rhodobacteraceae;Albidovulum;uncultured Alphaproteobacteria bacterium
MAG_ENA_OY759511_OY759511.1|ENA|OY759511|OY759511.1|16S|3632753-3634217	0.956	FJ529270.1.1430	Bacteria;Proteobacteria;Alphaproteobacteria;Rhodobacterales;Rhodobacteraceae;Albidovulum;uncultured Alphaproteobacteria bacterium
MAG_ENA_OY762918_OY762918.1|ENA|OY762918|OY762918.1|16S|678096-679614	0.956	FQVV01000011.3765.5290	Bacteria;Bacteroidota;Bacteroidia;Flavobacteriales;Flavobacteriaceae;Tenacibaculum;Tenacibaculum mesophilum
MAG_ENA_OY762923_OY762923.1|ENA|OY762923|OY762923.1|16S|419485-421003	0.956	FQVV01000011.3765.5290	Bacteria;Bacteroidota;Bacteroidia;Flavobacteriales;Flavobacteriaceae;Tenacibaculum;Tenacibaculum mesophilum
MAG_ENA_OY764266_OY764266.1|ENA|OY764266|OY764266.1|18S|979400-980277	0.956	HE985091.1.1533	Bacteria;Proteobacteria;Gammaproteobacteria;KI89A clade;uncultured bacterium
MAG_ENA_OZ242334_OZ242334.1|ENA|OZ242334|OZ242334.1|18S|3387922-3388799	0.956	HE985091.1.1533	Bacteria;Proteobacteria;Gammaproteobacteria;KI89A clade;uncultured bacterium
MAG_ENA_UNRG01000019_UNRG01000019.1|ENA|UNRG01000019|UNRG01000019.1|16S|5500-7005	0.956	KX815990.1.1507	Bacteria;Actinobacteriota;Actinobacteria;Propionibacteriales;Nocardioidaceae;Nocardioides;Nocardioides cavernae
odSpoOffi2.metagenome.1.primary|ctg21275l|16S|419485-421003	0.956	FQVV01000011.3765.5290	Bacteria;Bacteroidota;Bacteroidia;Flavobacteriales;Flavobacteriaceae;Tenacibaculum;Tenacibaculum mesophilum
odSpoOffi2.metagenome.1.primary|ctg21314l|16S|678096-679614	0.956	FQVV01000011.3765.5290	Bacteria;Bacteroidota;Bacteroidia;Flavobacteriales;Flavobacteriaceae;Tenacibaculum;Tenacibaculum mesophilum
odSpoOffi2.metagenome.1.primary|ctg21641c|16S|3632744-3634219	0.956	FJ529270.1.1430	Bacteria;Proteobacteria;Alphaproteobacteria;Rhodobacterales;Rhodobacteraceae;Albidovulum;uncultured Alphaproteobacteria bacterium
odSpoOffi2.metagenome.1.primary|ctg21641c|16S|3632753-3634217	0.956	FJ529270.1.1430	Bacteria;Proteobacteria;Alphaproteobacteria;Rhodobacterales;Rhodobacteraceae;Albidovulum;uncultured Alphaproteobacteria bacterium
odSpoOffi2.metagenome.1.primary|ctg21640c|18S|979400-980277	0.956	HE985091.1.1533	Bacteria;Proteobacteria;Gammaproteobacteria;KI89A clade;uncultured bacterium
MAG_ENA_CAXXDF010000007_CAXXDF010000007.1|ENA|CAXXDF010000007|CAXXDF010000007.1|16S|79946-81496	0.955	CP001998.2186477.2188018	Bacteria;Verrucomicrobiota;Verrucomicrobiae;Opitutales;Puniceicoccaceae;Coraliomargarita;Coraliomargarita akajimensis DSM 45221
MAG_ENA_CAXXDF010000007_CAXXDF010000007.1|ENA|CAXXDF010000007|CAXXDF010000007.1|16S|79954-81494	0.955	CP001998.2186477.2188018	Bacteria;Verrucomicrobiota;Verrucomicrobiae;Opitutales;Puniceicoccaceae;Coraliomargarita;Coraliomargarita akajimensis DSM 45221
MAG_ENA_OY760414_OY760414.1|ENA|OY760414|OY760414.1|16S|79954-81494	0.955	CP001998.2186477.2188018	Bacteria;Verrucomicrobiota;Verrucomicrobiae;Opitutales;Puniceicoccaceae;Coraliomargarita;Coraliomargarita akajimensis DSM 45221
MAG_ENA_OY760414_OY760414.1|ENA|OY760414|OY760414.1|16S|79946-81496	0.955	CP001998.2186477.2188018	Bacteria;Verrucomicrobiota;Verrucomicrobiae;Opitutales;Puniceicoccaceae;Coraliomargarita;Coraliomargarita akajimensis DSM 45221
MAG_ENA_UNRG01000019_UNRG01000019.1|ENA|UNRG01000019|UNRG01000019.1|16S|5492-7007	0.955	LMDE01000010.778774.780298	Bacteria;Actinobacteriota;Actinobacteria;Propionibacteriales;Nocardioidaceae;Nocardioides;Nocardioides sp. Root122
odSpoOffi2.metagenome.1.primary|ctg20812l|16S|79946-81496	0.955	CP001998.2186477.2188018	Bacteria;Verrucomicrobiota;Verrucomicrobiae;Opitutales;Puniceicoccaceae;Coraliomargarita;Coraliomargarita akajimensis DSM 45221
odSpoOffi2.metagenome.1.primary|ctg20812l|16S|79954-81494	0.955	CP001998.2186477.2188018	Bacteria;Verrucomicrobiota;Verrucomicrobiae;Opitutales;Puniceicoccaceae;Coraliomargarita;Coraliomargarita akajimensis DSM 45221
MAG_ENA_CBDBOY010000006_CBDBOY010000006.1|ENA|CBDBOY010000006|CBDBOY010000006.1|16S|317274-318817	0.954	JN233134.1.1459	Bacteria;Proteobacteria;Gammaproteobacteria;OM182 clade;uncultured gamma proteobacterium
MAG_ENA_OZ242271_OZ242271.1|ENA|OZ242271|OZ242271.1|18S|1256500-1257360	0.954	GQ262987.1.1448	Bacteria;Chloroflexi;TK10;uncultured bacterium
MAG_ENA_CAXXMH010000008_CAXXMH010000008.1|ENA|CAXXMH010000008|CAXXMH010000008.1|16S|284090-285624	0.953	JX280247.1.1459	Bacteria;Proteobacteria;Gammaproteobacteria;KI89A clade;uncultured bacterium
MAG_ENA_CAXXMH010000008_CAXXMH010000008.1|ENA|CAXXMH010000008|CAXXMH010000008.1|16S|284091-285583	0.953	JX280247.1.1459	Bacteria;Proteobacteria;Gammaproteobacteria;KI89A clade;uncultured bacterium
MAG_ENA_CBDBOY010000006_CBDBOY010000006.1|ENA|CBDBOY010000006|CBDBOY010000006.1|16S|317275-318776	0.953	JN233134.1.1459	Bacteria;Proteobacteria;Gammaproteobacteria;OM182 clade;uncultured gamma proteobacterium
MAG_ENA_OY761551_OY761551.1|ENA|OY761551|OY761551.1|16S|284090-285624	0.953	JX280247.1.1459	Bacteria;Proteobacteria;Gammaproteobacteria;KI89A clade;uncultured bacterium
MAG_ENA_OY761551_OY761551.1|ENA|OY761551|OY761551.1|16S|284091-285583	0.953	JX280247.1.1459	Bacteria;Proteobacteria;Gammaproteobacteria;KI89A clade;uncultured bacterium
MAG_ENA_OY762508_OY762508.1|ENA|OY762508|OY762508.1|16S|2027774-2029299	0.953	HQ270286.1.1494	Bacteria;Bacteroidota;Rhodothermia;Rhodothermales;Rhodothermaceae;uncultured;uncultured Rhodothermaceae bacterium
MAG_ENA_OY762508_OY762508.1|ENA|OY762508|OY762508.1|16S|2027774-2029291	0.953	HQ270286.1.1494	Bacteria;Bacteroidota;Rhodothermia;Rhodothermales;Rhodothermaceae;uncultured;uncultured Rhodothermaceae bacterium
odSpoOffi2.metagenome.1.primary|ctg21394l|16S|284090-285624	0.953	JX280247.1.1459	Bacteria;Proteobacteria;Gammaproteobacteria;KI89A clade;uncultured bacterium
odSpoOffi2.metagenome.1.primary|ctg21617c|16S|2027774-2029299	0.953	HQ270286.1.1494	Bacteria;Bacteroidota;Rhodothermia;Rhodothermales;Rhodothermaceae;uncultured;uncultured Rhodothermaceae bacterium
odSpoOffi2.metagenome.1.primary|ctg21394l|16S|284091-285583	0.953	JX280247.1.1459	Bacteria;Proteobacteria;Gammaproteobacteria;KI89A clade;uncultured bacterium
odSpoOffi2.metagenome.1.primary|ctg21617c|16S|2027774-2029291	0.953	HQ270286.1.1494	Bacteria;Bacteroidota;Rhodothermia;Rhodothermales;Rhodothermaceae;uncultured;uncultured Rhodothermaceae bacterium
MAG_ENA_OY762456_OY762456.1|ENA|OY762456|OY762456.1|16S|629608-631151	0.952	JN233134.1.1459	Bacteria;Proteobacteria;Gammaproteobacteria;OM182 clade;uncultured gamma proteobacterium
MAG_ENA_OY762456_OY762456.1|ENA|OY762456|OY762456.1|16S|629609-631110	0.952	JN233134.1.1459	Bacteria;Proteobacteria;Gammaproteobacteria;OM182 clade;uncultured gamma proteobacterium
odSpoOffi2.metagenome.1.primary|ctg16107l|16S|2181-3733	0.952	JN886929.1.1517	Bacteria;Acidobacteriota;Vicinamibacteria;Vicinamibacterales;uncultured;uncultured Acidobacteriales bacterium
odSpoOffi2.metagenome.1.primary|ctg21622c|16S|629608-631151	0.952	JN233134.1.1459	Bacteria;Proteobacteria;Gammaproteobacteria;OM182 clade;uncultured gamma proteobacterium
odSpoOffi2.metagenome.1.primary|ctg16107l|16S|2189-3731	0.952	JN886929.1.1517	Bacteria;Acidobacteriota;Vicinamibacteria;Vicinamibacterales;uncultured;uncultured Acidobacteriales bacterium
odSpoOffi2.metagenome.1.primary|ctg21622c|16S|629609-631110	0.952	JN233134.1.1459	Bacteria;Proteobacteria;Gammaproteobacteria;OM182 clade;uncultured gamma proteobacterium
MAG_ENA_LS999827_LS999827.1|ENA|LS999827|LS999827.1|18S|1484-2326	0.951	EU734924.1.1482	Bacteria;Bacteroidota;Bacteroidia;Cytophagales;Cyclobacteriaceae;Fulvivirga;uncultured bacterium
MAG_ENA_OY760427_OY760427.1|ENA|OY760427|OY760427.1|16S|5498780-5500304	0.951	HQ270286.1.1494	Bacteria;Bacteroidota;Rhodothermia;Rhodothermales;Rhodothermaceae;uncultured;uncultured Rhodothermaceae bacterium
odSpoOffi2.metagenome.1.primary|ctg21661c|16S|5498780-5500304	0.951	HQ270286.1.1494	Bacteria;Bacteroidota;Rhodothermia;Rhodothermales;Rhodothermaceae;uncultured;uncultured Rhodothermaceae bacterium
MAG_ENA_OY760427_OY760427.1|ENA|OY760427|OY760427.1|16S|5498788-5500304	0.950	HQ270286.1.1494	Bacteria;Bacteroidota;Rhodothermia;Rhodothermales;Rhodothermaceae;uncultured;uncultured Rhodothermaceae bacterium
MAG_ENA_OY764080_OY764080.1|ENA|OY764080|OY764080.1|18S|473210-474070	0.950	GQ262987.1.1448	Bacteria;Chloroflexi;TK10;uncultured bacterium
odSpoOffi2.metagenome.1.primary|ctg21661c|16S|5498788-5500304	0.950	HQ270286.1.1494	Bacteria;Bacteroidota;Rhodothermia;Rhodothermales;Rhodothermaceae;uncultured;uncultured Rhodothermaceae bacterium
odSpoOffi2.metagenome.1.primary|ctg21609l|18S|473210-474070	0.950	GQ262987.1.1448	Bacteria;Chloroflexi;TK10;uncultured bacterium
MAG_ENA_CAXXUB010000037_CAXXUB010000037.1|ENA|CAXXUB010000037|CAXXUB010000037.1|18S|222306-223161	0.947	FJ529277.1.1420	Bacteria;Proteobacteria;Alphaproteobacteria;Rhodobacterales;Rhodobacteraceae;uncultured;uncultured Alphaproteobacteria bacterium
MAG_ENA_CAXXUB020000037_CAXXUB020000037.1|ENA|CAXXUB020000037|CAXXUB020000037.1|18S|222306-223161	0.947	FJ529277.1.1420	Bacteria;Proteobacteria;Alphaproteobacteria;Rhodobacterales;Rhodobacteraceae;uncultured;uncultured Alphaproteobacteria bacterium
MAG_ENA_OY763985_OY763985.1|ENA|OY763985|OY763985.1|18S|222306-223161	0.947	FJ529277.1.1420	Bacteria;Proteobacteria;Alphaproteobacteria;Rhodobacterales;Rhodobacteraceae;uncultured;uncultured Alphaproteobacteria bacterium
MAG_ENA_OZ253505_OZ253505.1|ENA|OZ253505|OZ253505.1|16S|891671-893117	0.947	AWFI01000001.713363.714822	Bacteria;Proteobacteria;Alphaproteobacteria;Caulobacterales;Hyphomonadaceae;Hyphomonas;Hyphomonas sp. L-53-1-40
odSpoOffi2.metagenome.1.primary|ctg21278l|18S|222306-223161	0.947	FJ529277.1.1420	Bacteria;Proteobacteria;Alphaproteobacteria;Rhodobacterales;Rhodobacteraceae;uncultured;uncultured Alphaproteobacteria bacterium
MAG_ENA_CBDBPS010000002_CBDBPS010000002.1|ENA|CBDBPS010000002|CBDBPS010000002.1|18S|372380-373230	0.946	FPLS01011547.9.1471	Bacteria;Chloroflexi;JG30-KF-CM66;metagenome
MAG_ENA_OZ253505_OZ253505.1|ENA|OZ253505|OZ253505.1|16S|891673-893089	0.946	AWFI01000001.713363.714822	Bacteria;Proteobacteria;Alphaproteobacteria;Caulobacterales;Hyphomonadaceae;Hyphomonas;Hyphomonas sp. L-53-1-40
MAG_ENA_CAXXDN010000002_CAXXDN010000002.1|ENA|CAXXDN010000002|CAXXDN010000002.1|18S|1353873-1354727	0.945	FPLS01011547.9.1471	Bacteria;Chloroflexi;JG30-KF-CM66;metagenome
MAG_ENA_CBDBMD010000003_CBDBMD010000003.1|ENA|CBDBMD010000003|CBDBMD010000003.1|18S|1157904-1158758	0.945	FPLS01011547.9.1471	Bacteria;Chloroflexi;JG30-KF-CM66;metagenome
MAG_ENA_OY763423_OY763423.1|ENA|OY763423|OY763423.1|18S|1353873-1354727	0.945	FPLS01011547.9.1471	Bacteria;Chloroflexi;JG30-KF-CM66;metagenome
MAG_ENA_OY764266_OY764266.1|ENA|OY764266|OY764266.1|16S|978719-980284	0.945	HE817844.1.1465	Bacteria;Proteobacteria;Gammaproteobacteria;KI89A clade;uncultured bacterium
MAG_ENA_OZ242334_OZ242334.1|ENA|OZ242334|OZ242334.1|16S|3387241-3388806	0.945	HE817844.1.1465	Bacteria;Proteobacteria;Gammaproteobacteria;KI89A clade;uncultured bacterium
MAG_ENA_OZ253545_OZ253545.1|ENA|OZ253545|OZ253545.1|18S|681735-682611	0.945	JQ062761.1.1451	Bacteria;Proteobacteria;Alphaproteobacteria;Rhodobacterales;Rhodobacteraceae;uncultured;uncultured bacterium
odSpoOffi2.metagenome.1.primary|ctg21640c|16S|978719-980284	0.945	HE817844.1.1465	Bacteria;Proteobacteria;Gammaproteobacteria;KI89A clade;uncultured bacterium
odSpoOffi2.metagenome.1.primary|ctg21544l|18S|1353873-1354727	0.945	FPLS01011547.9.1471	Bacteria;Chloroflexi;JG30-KF-CM66;metagenome
MAG_ENA_OY764266_OY764266.1|ENA|OY764266|OY764266.1|16S|978760-980283	0.944	HE817844.1.1465	Bacteria;Proteobacteria;Gammaproteobacteria;KI89A clade;uncultured bacterium
MAG_ENA_OZ242334_OZ242334.1|ENA|OZ242334|OZ242334.1|16S|3387282-3388805	0.944	HE817844.1.1465	Bacteria;Proteobacteria;Gammaproteobacteria;KI89A clade;uncultured bacterium
odSpoOffi2.metagenome.1.primary|ctg21640c|16S|978760-980283	0.944	HE817844.1.1465	Bacteria;Proteobacteria;Gammaproteobacteria;KI89A clade;uncultured bacterium
MAG_ENA_CAXXUB010000037_CAXXUB010000037.1|ENA|CAXXUB010000037|CAXXUB010000037.1|16S|222298-223758	0.943	FJ529277.1.1420	Bacteria;Proteobacteria;Alphaproteobacteria;Rhodobacterales;Rhodobacteraceae;uncultured;uncultured Alphaproteobacteria bacterium
MAG_ENA_CAXXUB010000037_CAXXUB010000037.1|ENA|CAXXUB010000037|CAXXUB010000037.1|16S|222300-223750	0.943	FJ529277.1.1420	Bacteria;Proteobacteria;Alphaproteobacteria;Rhodobacterales;Rhodobacteraceae;uncultured;uncultured Alphaproteobacteria bacterium
MAG_ENA_CAXXUB020000037_CAXXUB020000037.1|ENA|CAXXUB020000037|CAXXUB020000037.1|16S|222298-223758	0.943	FJ529277.1.1420	Bacteria;Proteobacteria;Alphaproteobacteria;Rhodobacterales;Rhodobacteraceae;uncultured;uncultured Alphaproteobacteria bacterium
MAG_ENA_CAXXUB020000037_CAXXUB020000037.1|ENA|CAXXUB020000037|CAXXUB020000037.1|16S|222300-223750	0.943	FJ529277.1.1420	Bacteria;Proteobacteria;Alphaproteobacteria;Rhodobacterales;Rhodobacteraceae;uncultured;uncultured Alphaproteobacteria bacterium
MAG_ENA_OY763985_OY763985.1|ENA|OY763985|OY763985.1|16S|222298-223758	0.943	FJ529277.1.1420	Bacteria;Proteobacteria;Alphaproteobacteria;Rhodobacterales;Rhodobacteraceae;uncultured;uncultured Alphaproteobacteria bacterium
MAG_ENA_OY763985_OY763985.1|ENA|OY763985|OY763985.1|16S|222300-223750	0.943	FJ529277.1.1420	Bacteria;Proteobacteria;Alphaproteobacteria;Rhodobacterales;Rhodobacteraceae;uncultured;uncultured Alphaproteobacteria bacterium
odSpoOffi2.metagenome.1.primary|ctg21278l|16S|222298-223758	0.943	FJ529277.1.1420	Bacteria;Proteobacteria;Alphaproteobacteria;Rhodobacterales;Rhodobacteraceae;uncultured;uncultured Alphaproteobacteria bacterium
odSpoOffi2.metagenome.1.primary|ctg21278l|16S|222300-223750	0.943	FJ529277.1.1420	Bacteria;Proteobacteria;Alphaproteobacteria;Rhodobacterales;Rhodobacteraceae;uncultured;uncultured Alphaproteobacteria bacterium
odSpoOffi2.metagenome.1.primary|ctg20494l|18S|61006-61856	0.943	FPLS01011547.9.1471	Bacteria;Chloroflexi;JG30-KF-CM66;metagenome
MAG_ENA_OY760226_OY760226.1|ENA|OY760226|OY760226.1|18S|271657-272541	0.941	JX504350.1.1545	Bacteria;Proteobacteria;Gammaproteobacteria;KI89A clade;uncultured bacterium
odSpoOffi2.metagenome.1.primary|ctg21244l|18S|279525-280409	0.941	JX504350.1.1545	Bacteria;Proteobacteria;Gammaproteobacteria;KI89A clade;uncultured bacterium
odSpoOffi2.metagenome.1.primary|ctg21657c|18S|271657-272541	0.941	JX504350.1.1545	Bacteria;Proteobacteria;Gammaproteobacteria;KI89A clade;uncultured bacterium
MAG_ENA_CAXXRK020000005_CAXXRK020000005.1|ENA|CAXXRK020000005|CAXXRK020000005.1|18S|227863-228740	0.940	JX280269.1.1430	Bacteria;Acidobacteriota;Acidobacteriae;PAUC26f;uncultured bacterium
MAG_ENA_CAXXRK020000006_CAXXRK020000006.1|ENA|CAXXRK020000006|CAXXRK020000006.1|18S|1179396-1180273	0.940	JX280269.1.1430	Bacteria;Acidobacteriota;Acidobacteriae;PAUC26f;uncultured bacterium
MAG_ENA_OY762698_OY762698.1|ENA|OY762698|OY762698.1|18S|227863-228740	0.940	JX280269.1.1430	Bacteria;Acidobacteriota;Acidobacteriae;PAUC26f;uncultured bacterium
MAG_ENA_OY762699_OY762699.1|ENA|OY762699|OY762699.1|18S|1179396-1180273	0.940	JX280269.1.1430	Bacteria;Acidobacteriota;Acidobacteriae;PAUC26f;uncultured bacterium
MAG_ENA_OZ242271_OZ242271.1|ENA|OZ242271|OZ242271.1|16S|1256494-1258000	0.940	HQ674362.1.1486	Bacteria;Chloroflexi;TK10;uncultured bacterium
odSpoOffi2.metagenome.1.primary|ctg21286l|18S|227863-228740	0.940	JX280269.1.1430	Bacteria;Acidobacteriota;Acidobacteriae;PAUC26f;uncultured bacterium
odSpoOffi2.metagenome.1.primary|ctg21474l|18S|1179396-1180273	0.940	JX280269.1.1430	Bacteria;Acidobacteriota;Acidobacteriae;PAUC26f;uncultured bacterium
MAG_ENA_OZ242271_OZ242271.1|ENA|OZ242271|OZ242271.1|16S|1256492-1258009	0.939	HQ674362.1.1486	Bacteria;Chloroflexi;TK10;uncultured bacterium
MAG_ENA_CAXXWG010000007_CAXXWG010000007.1|ENA|CAXXWG010000007|CAXXWG010000007.1|16S|65453-66953	0.938	JN596702.1.1429	Bacteria;Chloroflexi;Anaerolineae;SBR1031;A4b;uncultured Chloroflexi bacterium
MAG_ENA_CAXXWG010000027_CAXXWG010000027.1|ENA|CAXXWG010000027|CAXXWG010000027.1|16S|3446-4946	0.938	JN596702.1.1429	Bacteria;Chloroflexi;Anaerolineae;SBR1031;A4b;uncultured Chloroflexi bacterium
MAG_ENA_OY763367_OY763367.1|ENA|OY763367|OY763367.1|16S|65453-66953	0.938	JN596702.1.1429	Bacteria;Chloroflexi;Anaerolineae;SBR1031;A4b;uncultured Chloroflexi bacterium
MAG_ENA_OY763387_OY763387.1|ENA|OY763387|OY763387.1|16S|3446-4946	0.938	JN596702.1.1429	Bacteria;Chloroflexi;Anaerolineae;SBR1031;A4b;uncultured Chloroflexi bacterium
odSpoOffi2.metagenome.1.primary|ctg17997l|16S|3446-4946	0.938	JN596702.1.1429	Bacteria;Chloroflexi;Anaerolineae;SBR1031;A4b;uncultured Chloroflexi bacterium
odSpoOffi2.metagenome.1.primary|ctg21043l|16S|65453-66953	0.938	JN596702.1.1429	Bacteria;Chloroflexi;Anaerolineae;SBR1031;A4b;uncultured Chloroflexi bacterium
MAG_ENA_CAXXWG010000007_CAXXWG010000007.1|ENA|CAXXWG010000007|CAXXWG010000007.1|16S|65451-66961	0.937	JN596702.1.1429	Bacteria;Chloroflexi;Anaerolineae;SBR1031;A4b;uncultured Chloroflexi bacterium
MAG_ENA_CAXXWG010000027_CAXXWG010000027.1|ENA|CAXXWG010000027|CAXXWG010000027.1|16S|3438-4948	0.937	JN596702.1.1429	Bacteria;Chloroflexi;Anaerolineae;SBR1031;A4b;uncultured Chloroflexi bacterium
MAG_ENA_CBDBMD010000003_CBDBMD010000003.1|ENA|CBDBMD010000003|CBDBMD010000003.1|16S|1157285-1158766	0.937	FPLS01011547.9.1471	Bacteria;Chloroflexi;JG30-KF-CM66;metagenome
MAG_ENA_OY763367_OY763367.1|ENA|OY763367|OY763367.1|16S|65451-66961	0.937	JN596702.1.1429	Bacteria;Chloroflexi;Anaerolineae;SBR1031;A4b;uncultured Chloroflexi bacterium
MAG_ENA_OY763387_OY763387.1|ENA|OY763387|OY763387.1|16S|3438-4948	0.937	JN596702.1.1429	Bacteria;Chloroflexi;Anaerolineae;SBR1031;A4b;uncultured Chloroflexi bacterium
MAG_ENA_OY764080_OY764080.1|ENA|OY764080|OY764080.1|16S|473202-474719	0.937	HQ674362.1.1486	Bacteria;Chloroflexi;TK10;uncultured bacterium
MAG_ENA_OY764080_OY764080.1|ENA|OY764080|OY764080.1|16S|473204-474711	0.937	HQ674362.1.1486	Bacteria;Chloroflexi;TK10;uncultured bacterium
odSpoOffi2.metagenome.1.primary|ctg17997l|16S|3438-4948	0.937	JN596702.1.1429	Bacteria;Chloroflexi;Anaerolineae;SBR1031;A4b;uncultured Chloroflexi bacterium
odSpoOffi2.metagenome.1.primary|ctg21043l|16S|65451-66961	0.937	JN596702.1.1429	Bacteria;Chloroflexi;Anaerolineae;SBR1031;A4b;uncultured Chloroflexi bacterium
odSpoOffi2.metagenome.1.primary|ctg21609l|16S|473202-474719	0.937	HQ674362.1.1486	Bacteria;Chloroflexi;TK10;uncultured bacterium
odSpoOffi2.metagenome.1.primary|ctg21609l|16S|473204-474711	0.937	HQ674362.1.1486	Bacteria;Chloroflexi;TK10;uncultured bacterium
MAG_ENA_CAXXDN010000002_CAXXDN010000002.1|ENA|CAXXDN010000002|CAXXDN010000002.1|16S|1353254-1354735	0.936	FPLS01011547.9.1471	Bacteria;Chloroflexi;JG30-KF-CM66;metagenome
MAG_ENA_CAXXDN010000002_CAXXDN010000002.1|ENA|CAXXDN010000002|CAXXDN010000002.1|16S|1353262-1354733	0.936	FPLS01011547.9.1471	Bacteria;Chloroflexi;JG30-KF-CM66;metagenome
MAG_ENA_CBDBMD010000003_CBDBMD010000003.1|ENA|CBDBMD010000003|CBDBMD010000003.1|16S|1157293-1158764	0.936	FPLS01011547.9.1471	Bacteria;Chloroflexi;JG30-KF-CM66;metagenome
MAG_ENA_OY763423_OY763423.1|ENA|OY763423|OY763423.1|16S|1353262-1354733	0.936	FPLS01011547.9.1471	Bacteria;Chloroflexi;JG30-KF-CM66;metagenome
MAG_ENA_OY763423_OY763423.1|ENA|OY763423|OY763423.1|16S|1353254-1354735	0.936	FPLS01011547.9.1471	Bacteria;Chloroflexi;JG30-KF-CM66;metagenome
odSpoOffi2.metagenome.1.primary|ctg21544l|16S|1353254-1354735	0.936	FPLS01011547.9.1471	Bacteria;Chloroflexi;JG30-KF-CM66;metagenome
odSpoOffi2.metagenome.1.primary|ctg21544l|16S|1353262-1354733	0.936	FPLS01011547.9.1471	Bacteria;Chloroflexi;JG30-KF-CM66;metagenome
odSpoOffi2.metagenome.1.primary|ctg5197l|18S|1606-2435	0.936	EU236302.1.1344	Bacteria;Bacteroidota;Bacteroidia;Cytophagales;Cyclobacteriaceae;uncultured;uncultured bacterium
odSpoOffi2.metagenome.1.primary|ctg20494l|16S|60381-61864	0.935	FPLS01011547.9.1471	Bacteria;Chloroflexi;JG30-KF-CM66;metagenome
odSpoOffi2.metagenome.1.primary|ctg20494l|16S|60390-61862	0.935	FPLS01011547.9.1471	Bacteria;Chloroflexi;JG30-KF-CM66;metagenome
MAG_ENA_OZ253505_OZ253505.1|ENA|OZ253505|OZ253505.1|18S|891679-892522	0.934	AWFH01000061.173449.174908	Bacteria;Proteobacteria;Alphaproteobacteria;Caulobacterales;Hyphomonadaceae;Hyphomonas;Hyphomonas atlantica
MAG_ENA_CBDBPS010000002_CBDBPS010000002.1|ENA|CBDBPS010000002|CBDBPS010000002.1|16S|372372-373856	0.933	FPLS01011547.9.1471	Bacteria;Chloroflexi;JG30-KF-CM66;metagenome
MAG_ENA_CBDBPS010000002_CBDBPS010000002.1|ENA|CBDBPS010000002|CBDBPS010000002.1|16S|372374-373847	0.933	FPLS01011547.9.1471	Bacteria;Chloroflexi;JG30-KF-CM66;metagenome
MAG_ENA_FZLQ01000008_FZLQ01000008.1|ENA|FZLQ01000008|FZLQ01000008.1|16S|30539-32043	0.930	AAVV01000015.29618.31150	Bacteria;Proteobacteria;Gammaproteobacteria;Cellvibrionales;Halieaceae;Luminiphilus;marine gamma proteobacterium HTCC2080
MAG_ENA_FZLQ01000008_FZLQ01000008.1|ENA|FZLQ01000008|FZLQ01000008.1|16S|30530-32044	0.929	AAVV01000015.29618.31150	Bacteria;Proteobacteria;Gammaproteobacteria;Cellvibrionales;Halieaceae;Luminiphilus;marine gamma proteobacterium HTCC2080
odSpoOffi2.metagenome.1.primary|ctg21466l|16S|532986-533499	0.929	KC902388.1.1714	Eukaryota;Amorphea;Obazoa;Opisthokonta;Holozoa;Choanozoa;Metazoa;Porifera;Demospongiae;Dictyoceratida;Dysidea etheria
MAG_ENA_LS999827_LS999827.1|ENA|LS999827|LS999827.1|16S|1455-2972	0.924	EU734924.1.1482	Bacteria;Bacteroidota;Bacteroidia;Cytophagales;Cyclobacteriaceae;Fulvivirga;uncultured bacterium
MAG_ENA_LS999827_LS999827.1|ENA|LS999827|LS999827.1|16S|1457-2964	0.924	EU734924.1.1482	Bacteria;Bacteroidota;Bacteroidia;Cytophagales;Cyclobacteriaceae;Fulvivirga;uncultured bacterium
MAG_ENA_CAXXRK020000005_CAXXRK020000005.1|ENA|CAXXRK020000005|CAXXRK020000005.1|16S|227245-228746	0.922	JX280269.1.1430	Bacteria;Acidobacteriota;Acidobacteriae;PAUC26f;uncultured bacterium
MAG_ENA_CAXXRK020000005_CAXXRK020000005.1|ENA|CAXXRK020000005|CAXXRK020000005.1|16S|227237-228748	0.922	JX280269.1.1430	Bacteria;Acidobacteriota;Acidobacteriae;PAUC26f;uncultured bacterium
MAG_ENA_CAXXRK020000006_CAXXRK020000006.1|ENA|CAXXRK020000006|CAXXRK020000006.1|16S|1179390-1180891	0.922	JX280269.1.1430	Bacteria;Acidobacteriota;Acidobacteriae;PAUC26f;uncultured bacterium
MAG_ENA_CAXXRK020000006_CAXXRK020000006.1|ENA|CAXXRK020000006|CAXXRK020000006.1|16S|1179388-1180899	0.922	JX280269.1.1430	Bacteria;Acidobacteriota;Acidobacteriae;PAUC26f;uncultured bacterium
MAG_ENA_OY762698_OY762698.1|ENA|OY762698|OY762698.1|16S|227237-228748	0.922	JX280269.1.1430	Bacteria;Acidobacteriota;Acidobacteriae;PAUC26f;uncultured bacterium
MAG_ENA_OY762698_OY762698.1|ENA|OY762698|OY762698.1|16S|227245-228746	0.922	JX280269.1.1430	Bacteria;Acidobacteriota;Acidobacteriae;PAUC26f;uncultured bacterium
MAG_ENA_OY762699_OY762699.1|ENA|OY762699|OY762699.1|16S|1179388-1180899	0.922	JX280269.1.1430	Bacteria;Acidobacteriota;Acidobacteriae;PAUC26f;uncultured bacterium
MAG_ENA_OY762699_OY762699.1|ENA|OY762699|OY762699.1|16S|1179390-1180891	0.922	JX280269.1.1430	Bacteria;Acidobacteriota;Acidobacteriae;PAUC26f;uncultured bacterium
odSpoOffi2.metagenome.1.primary|ctg21286l|16S|227237-228748	0.922	JX280269.1.1430	Bacteria;Acidobacteriota;Acidobacteriae;PAUC26f;uncultured bacterium
odSpoOffi2.metagenome.1.primary|ctg21474l|16S|1179388-1180899	0.922	JX280269.1.1430	Bacteria;Acidobacteriota;Acidobacteriae;PAUC26f;uncultured bacterium
odSpoOffi2.metagenome.1.primary|ctg21286l|16S|227245-228746	0.922	JX280269.1.1430	Bacteria;Acidobacteriota;Acidobacteriae;PAUC26f;uncultured bacterium
odSpoOffi2.metagenome.1.primary|ctg21474l|16S|1179390-1180891	0.922	JX280269.1.1430	Bacteria;Acidobacteriota;Acidobacteriae;PAUC26f;uncultured bacterium
odSpoOffi2.metagenome.1.primary|ctg13500l|18S|471-1346	0.921	JQ062842.1.1518	Bacteria;Proteobacteria;Gammaproteobacteria;HOC36;uncultured bacterium
odSpoOffi2.metagenome.1.primary|ctg21569l|18S|2282837-2283713	0.921	JQ062842.1.1518	Bacteria;Proteobacteria;Gammaproteobacteria;HOC36;uncultured bacterium
odSpoOffi2.metagenome.1.primary|ctg21571c|18S|1713739-1714615	0.921	JQ062842.1.1518	Bacteria;Proteobacteria;Gammaproteobacteria;HOC36;uncultured bacterium
odSpoOffi2.metagenome.1.primary|ctg21141l|18S|187068-187944	0.920	JQ062842.1.1518	Bacteria;Proteobacteria;Gammaproteobacteria;HOC36;uncultured bacterium
odSpoOffi2.metagenome.1.primary|ctg21575c|18S|2084774-2085650	0.920	JQ062842.1.1518	Bacteria;Proteobacteria;Gammaproteobacteria;HOC36;uncultured bacterium
odSpoOffi2.metagenome.1.primary|ctg21466l|16S|532971-533498	0.919	KC902388.1.1714	Eukaryota;Amorphea;Obazoa;Opisthokonta;Holozoa;Choanozoa;Metazoa;Porifera;Demospongiae;Dictyoceratida;Dysidea etheria
odSpoOffi2.metagenome.1.primary|ctg11385l|18S|4875-5751	0.919	JQ062842.1.1518	Bacteria;Proteobacteria;Gammaproteobacteria;HOC36;uncultured bacterium
MAG_ENA_OY762824_OY762824.1|ENA|OY762824|OY762824.1|16S|2987133-2988665	0.918	HG423471.1.1499	Bacteria;Proteobacteria;Gammaproteobacteria;KI89A clade;uncultured bacterium
odSpoOffi2.metagenome.1.primary|ctg21658l|16S|2987133-2988665	0.918	HG423471.1.1499	Bacteria;Proteobacteria;Gammaproteobacteria;KI89A clade;uncultured bacterium
odSpoOffi2.metagenome.1.primary|ctg21551c|18S|1959212-1960088	0.916	JQ062842.1.1518	Bacteria;Proteobacteria;Gammaproteobacteria;HOC36;uncultured bacterium
MAG_ENA_OY760226_OY760226.1|ENA|OY760226|OY760226.1|16S|271650-273205	0.915	GQ246381.1.1497	Bacteria;Proteobacteria;Gammaproteobacteria;KI89A clade;uncultured bacterium
odSpoOffi2.metagenome.1.primary|ctg21244l|16S|279518-281073	0.915	GQ246381.1.1497	Bacteria;Proteobacteria;Gammaproteobacteria;KI89A clade;uncultured bacterium
odSpoOffi2.metagenome.1.primary|ctg21657c|16S|271650-273205	0.915	GQ246381.1.1497	Bacteria;Proteobacteria;Gammaproteobacteria;KI89A clade;uncultured bacterium
MAG_ENA_OY762824_OY762824.1|ENA|OY762824|OY762824.1|16S|2987134-2988625	0.914	HE985091.1.1533	Bacteria;Proteobacteria;Gammaproteobacteria;KI89A clade;uncultured bacterium
odSpoOffi2.metagenome.1.primary|ctg21658l|16S|2987134-2988625	0.914	HE985091.1.1533	Bacteria;Proteobacteria;Gammaproteobacteria;KI89A clade;uncultured bacterium
MAG_ENA_OY760226_OY760226.1|ENA|OY760226|OY760226.1|16S|271651-273164	0.913	GQ246381.1.1497	Bacteria;Proteobacteria;Gammaproteobacteria;KI89A clade;uncultured bacterium
odSpoOffi2.metagenome.1.primary|ctg21244l|16S|279519-281032	0.913	GQ246381.1.1497	Bacteria;Proteobacteria;Gammaproteobacteria;KI89A clade;uncultured bacterium
odSpoOffi2.metagenome.1.primary|ctg21657c|16S|271651-273164	0.913	GQ246381.1.1497	Bacteria;Proteobacteria;Gammaproteobacteria;KI89A clade;uncultured bacterium
odSpoOffi2.metagenome.1.primary|ctg5197l|16S|1577-3093	0.912	EU236302.1.1344	Bacteria;Bacteroidota;Bacteroidia;Cytophagales;Cyclobacteriaceae;uncultured;uncultured bacterium
odSpoOffi2.metagenome.1.primary|ctg5197l|16S|1579-3085	0.912	EU236302.1.1344	Bacteria;Bacteroidota;Bacteroidia;Cytophagales;Cyclobacteriaceae;uncultured;uncultured bacterium
odSpoOffi2.metagenome.1.primary|ctg13500l|16S|27-1354	0.906	AJ581350.1.1521	Bacteria;Proteobacteria;Gammaproteobacteria;HOC36;uncultured gamma proteobacterium
odSpoOffi2.metagenome.1.primary|ctg13500l|16S|28-1352	0.906	AJ581350.1.1521	Bacteria;Proteobacteria;Gammaproteobacteria;HOC36;uncultured gamma proteobacterium
MAG_ENA_CBDBMS010000003_CBDBMS010000003.1|ENA|CBDBMS010000003|CBDBMS010000003.1|16S|1451737-1453260	0.895	AM259833.1.1499	Bacteria;Proteobacteria;Gammaproteobacteria;Burkholderiales;EC94;uncultured proteobacterium
MAG_ENA_CBDBMS010000003_CBDBMS010000003.1|ENA|CBDBMS010000003|CBDBMS010000003.1|16S|1451729-1453262	0.895	AM259833.1.1499	Bacteria;Proteobacteria;Gammaproteobacteria;Burkholderiales;EC94;uncultured proteobacterium
odSpoOffi2.metagenome.1.primary|ctg21141l|16S|187060-188603	0.893	JQ062813.1.1524	Bacteria;Proteobacteria;Gammaproteobacteria;HOC36;uncultured bacterium
odSpoOffi2.metagenome.1.primary|ctg21569l|16S|2282829-2284372	0.893	JQ062813.1.1524	Bacteria;Proteobacteria;Gammaproteobacteria;HOC36;uncultured bacterium
odSpoOffi2.metagenome.1.primary|ctg21571c|16S|1713731-1715274	0.893	JQ062813.1.1524	Bacteria;Proteobacteria;Gammaproteobacteria;HOC36;uncultured bacterium
odSpoOffi2.metagenome.1.primary|ctg21575c|16S|2084115-2085658	0.893	JQ062813.1.1524	Bacteria;Proteobacteria;Gammaproteobacteria;HOC36;uncultured bacterium
odSpoOffi2.metagenome.1.primary|ctg21569l|16S|2282831-2284364	0.893	JQ062813.1.1524	Bacteria;Proteobacteria;Gammaproteobacteria;HOC36;uncultured bacterium
odSpoOffi2.metagenome.1.primary|ctg21571c|16S|1713733-1715266	0.893	JQ062813.1.1524	Bacteria;Proteobacteria;Gammaproteobacteria;HOC36;uncultured bacterium
odSpoOffi2.metagenome.1.primary|ctg21141l|16S|187062-188595	0.892	JQ062813.1.1524	Bacteria;Proteobacteria;Gammaproteobacteria;HOC36;uncultured bacterium
odSpoOffi2.metagenome.1.primary|ctg21575c|16S|2084123-2085656	0.892	JQ062813.1.1524	Bacteria;Proteobacteria;Gammaproteobacteria;HOC36;uncultured bacterium
odSpoOffi2.metagenome.1.primary|ctg17875l|18S|9976-10843	0.892	FPLS01061494.16.1541	Bacteria;Bdellovibrionota;Oligoflexia;0319-6G20;metagenome
odSpoOffi2.metagenome.1.primary|ctg11385l|16S|4867-6410	0.890	JQ062817.1.1524	Bacteria;Proteobacteria;Gammaproteobacteria;HOC36;uncultured bacterium
odSpoOffi2.metagenome.1.primary|ctg11385l|16S|4869-6402	0.890	JQ062817.1.1524	Bacteria;Proteobacteria;Gammaproteobacteria;HOC36;uncultured bacterium
odSpoOffi2.metagenome.1.primary|ctg21551c|16S|1958553-1960096	0.889	JQ062817.1.1524	Bacteria;Proteobacteria;Gammaproteobacteria;HOC36;uncultured bacterium
odSpoOffi2.metagenome.1.primary|ctg21551c|16S|1958561-1960094	0.889	JQ062817.1.1524	Bacteria;Proteobacteria;Gammaproteobacteria;HOC36;uncultured bacterium
MAG_ENA_OZ253545_OZ253545.1|ENA|OZ253545|OZ253545.1|16S|681122-682619	0.882	JQ062761.1.1451	Bacteria;Proteobacteria;Alphaproteobacteria;Rhodobacterales;Rhodobacteraceae;uncultured;uncultured bacterium
MAG_ENA_OZ253545_OZ253545.1|ENA|OZ253545|OZ253545.1|16S|681132-682617	0.882	JQ062761.1.1451	Bacteria;Proteobacteria;Alphaproteobacteria;Rhodobacterales;Rhodobacteraceae;uncultured;uncultured bacterium
odSpoOffi2.metagenome.1.primary|ctg17875l|16S|9318-10851	0.872	FPLS01061836.10.1536	Bacteria;Bdellovibrionota;Oligoflexia;0319-6G20;metagenome
odSpoOffi2.metagenome.1.primary|ctg17875l|16S|9326-10849	0.872	FPLS01061836.10.1536	Bacteria;Bdellovibrionota;Oligoflexia;0319-6G20;metagenome
MAG_ENA_CBDBMS010000003_CBDBMS010000003.1|ENA|CBDBMS010000003|CBDBMS010000003.1|18S|1452385-1453254	0.870	JQ668526.1.1535	Bacteria;Proteobacteria;Gammaproteobacteria;Burkholderiales;Rhodocyclaceae;Sterolibacterium;uncultured bacterium
odSpoOffi2.metagenome.1.primary|ctg21080l|18S|28774-29509	0.844	KX172914.1.1384	Bacteria;Patescibacteria;Parcubacteria;Candidatus Kaiserbacteria;uncultured bacterium
odSpoOffi2.metagenome.1.primary|ctg21245l|18S|89303-90038	0.844	KX172914.1.1384	Bacteria;Patescibacteria;Parcubacteria;Candidatus Kaiserbacteria;uncultured bacterium
odSpoOffi2.metagenome.1.primary|ctg21290l|18S|9730-10465	0.844	KX172914.1.1384	Bacteria;Patescibacteria;Parcubacteria;Candidatus Kaiserbacteria;uncultured bacterium
odSpoOffi2.metagenome.1.primary|ctg17697l|18S|19015-19750	0.843	KX172914.1.1384	Bacteria;Patescibacteria;Parcubacteria;Candidatus Kaiserbacteria;uncultured bacterium
odSpoOffi2.metagenome.1.primary|ctg20233l|18S|14350-15085	0.843	KX172914.1.1384	Bacteria;Patescibacteria;Parcubacteria;Candidatus Kaiserbacteria;uncultured bacterium
odSpoOffi2.metagenome.1.primary|ctg21295c|18S|13655-14390	0.843	KX172914.1.1384	Bacteria;Patescibacteria;Parcubacteria;Candidatus Kaiserbacteria;uncultured bacterium
MAG_ENA_OY764332_OY764332.1|ENA|OY764332|OY764332.1|16S|163377-164828	0.839	LC081025.1.1423	Bacteria;Patescibacteria;Parcubacteria;Candidatus Kaiserbacteria;uncultured bacterium
odSpoOffi2.metagenome.1.primary|ctg21347c|16S|163377-164828	0.839	LC081025.1.1423	Bacteria;Patescibacteria;Parcubacteria;Candidatus Kaiserbacteria;uncultured bacterium
MAG_ENA_OY764332_OY764332.1|ENA|OY764332|OY764332.1|16S|163386-164818	0.838	LC081025.1.1423	Bacteria;Patescibacteria;Parcubacteria;Candidatus Kaiserbacteria;uncultured bacterium
odSpoOffi2.metagenome.1.primary|ctg18239l|16S|5039-6490	0.838	LC081025.1.1423	Bacteria;Patescibacteria;Parcubacteria;Candidatus Kaiserbacteria;uncultured bacterium
odSpoOffi2.metagenome.1.primary|ctg18239l|16S|5049-6481	0.838	LC081025.1.1423	Bacteria;Patescibacteria;Parcubacteria;Candidatus Kaiserbacteria;uncultured bacterium
odSpoOffi2.metagenome.1.primary|ctg21347c|16S|163386-164818	0.838	LC081025.1.1423	Bacteria;Patescibacteria;Parcubacteria;Candidatus Kaiserbacteria;uncultured bacterium
MAG_ENA_OY764332_OY764332.1|ENA|OY764332|OY764332.1|18S|163493-164226	0.837	HM598256.1.1415	Bacteria;Patescibacteria;Parcubacteria;Candidatus Kaiserbacteria;uncultured bacterium
odSpoOffi2.metagenome.1.primary|ctg21080l|16S|28660-30110	0.837	JQ287183.1.1420	Bacteria;Patescibacteria;Parcubacteria;Candidatus Kaiserbacteria;uncultured bacterium
odSpoOffi2.metagenome.1.primary|ctg21245l|16S|88702-90152	0.837	JQ287183.1.1420	Bacteria;Patescibacteria;Parcubacteria;Candidatus Kaiserbacteria;uncultured bacterium
odSpoOffi2.metagenome.1.primary|ctg21290l|16S|9616-11066	0.837	JQ287183.1.1420	Bacteria;Patescibacteria;Parcubacteria;Candidatus Kaiserbacteria;uncultured bacterium
odSpoOffi2.metagenome.1.primary|ctg18239l|18S|5641-6374	0.837	HM598256.1.1415	Bacteria;Patescibacteria;Parcubacteria;Candidatus Kaiserbacteria;uncultured bacterium
odSpoOffi2.metagenome.1.primary|ctg21347c|18S|163493-164226	0.837	HM598256.1.1415	Bacteria;Patescibacteria;Parcubacteria;Candidatus Kaiserbacteria;uncultured bacterium
odSpoOffi2.metagenome.1.primary|ctg17697l|16S|18414-19864	0.836	JQ287183.1.1420	Bacteria;Patescibacteria;Parcubacteria;Candidatus Kaiserbacteria;uncultured bacterium
odSpoOffi2.metagenome.1.primary|ctg20233l|16S|13749-15199	0.836	JQ287183.1.1420	Bacteria;Patescibacteria;Parcubacteria;Candidatus Kaiserbacteria;uncultured bacterium
odSpoOffi2.metagenome.1.primary|ctg21295c|16S|13054-14504	0.836	JQ287183.1.1420	Bacteria;Patescibacteria;Parcubacteria;Candidatus Kaiserbacteria;uncultured bacterium
odSpoOffi2.metagenome.1.primary|ctg17697l|16S|18423-19856	0.836	JQ287183.1.1420	Bacteria;Patescibacteria;Parcubacteria;Candidatus Kaiserbacteria;uncultured bacterium
odSpoOffi2.metagenome.1.primary|ctg20233l|16S|13758-15191	0.836	JQ287183.1.1420	Bacteria;Patescibacteria;Parcubacteria;Candidatus Kaiserbacteria;uncultured bacterium
odSpoOffi2.metagenome.1.primary|ctg21080l|16S|28668-30101	0.836	JQ287183.1.1420	Bacteria;Patescibacteria;Parcubacteria;Candidatus Kaiserbacteria;uncultured bacterium
odSpoOffi2.metagenome.1.primary|ctg21245l|16S|88711-90144	0.836	JQ287183.1.1420	Bacteria;Patescibacteria;Parcubacteria;Candidatus Kaiserbacteria;uncultured bacterium
odSpoOffi2.metagenome.1.primary|ctg21290l|16S|9624-11057	0.836	JQ287183.1.1420	Bacteria;Patescibacteria;Parcubacteria;Candidatus Kaiserbacteria;uncultured bacterium
odSpoOffi2.metagenome.1.primary|ctg21295c|16S|13063-14496	0.836	JQ287183.1.1420	Bacteria;Patescibacteria;Parcubacteria;Candidatus Kaiserbacteria;uncultured bacterium
odSpoOffi2.metagenome.1.primary|ctg21466l|18S|532896-533561	0.836	KC902388.1.1714	Eukaryota;Amorphea;Obazoa;Opisthokonta;Holozoa;Choanozoa;Metazoa;Porifera;Demospongiae;Dictyoceratida;Dysidea etheria
